test_id,student_id,math,science,social_science,english,computer,exam_date
1,1,53,55,38,78,54,2026-01-10
2,1,82,58,77,51,56,2026-02-07
3,1,53,45,45,61,61,2026-03-08
4,1,65,69,51,75,63,2026-04-07
5,1,69,49,55,60,68,2026-05-05
6,2,35,56,25,27,54,2026-01-10
7,2,33,55,28,49,47,2026-02-07
8,2,62,38,32,39,40,2026-03-07
9,2,63,54,32,38,32,2026-04-06
10,2,25,42,55,72,50,2026-05-02
11,3,71,50,48,55,55,2026-01-12
12,3,73,42,52,86,53,2026-02-07
13,3,40,49,47,31,66,2026-03-10
14,3,59,47,65,51,51,2026-04-05
15,3,49,33,71,53,66,2026-05-02
16,4,57,59,67,63,87,2026-01-11
17,4,61,65,55,42,59,2026-02-08
18,4,71,84,55,66,74,2026-03-09
19,4,66,59,73,48,56,2026-04-07
20,4,43,54,63,65,72,2026-05-02
21,5,74,81,59,81,39,2026-01-12
22,5,51,72,54,86,93,2026-02-08
23,5,70,84,66,48,57,2026-03-10
24,5,59,85,77,56,75,2026-04-07
25,5,52,60,53,74,85,2026-05-04
26,6,80,61,39,50,49,2026-01-12
27,6,43,66,62,64,50,2026-02-08
28,6,42,64,31,54,60,2026-03-10
29,6,41,29,57,60,60,2026-04-05
30,6,60,66,62,57,68,2026-05-05
31,7,44,47,59,49,74,2026-01-11
32,7,55,74,77,41,51,2026-02-09
33,7,45,50,50,64,71,2026-03-09
34,7,55,50,54,51,75,2026-04-05
35,7,42,54,47,60,59,2026-05-03
36,8,80,66,88,76,76,2026-01-11
37,8,57,57,73,70,100,2026-02-09
38,8,75,64,49,77,86,2026-03-09
39,8,74,57,71,66,91,2026-04-07
40,8,82,84,92,77,68,2026-05-02
41,9,57,57,25,57,59,2026-01-13
42,9,47,52,38,49,63,2026-02-09
43,9,66,58,78,58,63,2026-03-07
44,9,59,51,58,76,66,2026-04-04
45,9,48,39,44,64,66,2026-05-02
46,10,45,54,40,55,47,2026-01-10
47,10,40,49,52,82,62,2026-02-10
48,10,58,58,57,55,34,2026-03-09
49,10,53,41,62,77,48,2026-04-05
50,10,45,47,50,60,55,2026-05-04
51,11,27,44,43,38,59,2026-01-10
52,11,70,74,43,36,72,2026-02-07
53,11,52,39,49,48,75,2026-03-09
54,11,62,41,47,57,40,2026-04-07
55,11,51,36,52,42,48,2026-05-04
56,12,53,25,50,68,55,2026-01-13
57,12,73,83,76,64,58,2026-02-08
58,12,34,71,62,66,77,2026-03-07
59,12,72,64,51,76,69,2026-04-05
60,12,58,56,39,76,48,2026-05-05
61,13,64,50,74,68,81,2026-01-12
62,13,63,85,74,65,68,2026-02-08
63,13,47,35,83,80,74,2026-03-08
64,13,78,70,82,70,58,2026-04-04
65,13,67,67,67,82,68,2026-05-05
66,14,50,56,65,68,78,2026-01-13
67,14,86,66,72,76,61,2026-02-08
68,14,53,45,78,55,71,2026-03-08
69,14,42,59,36,33,52,2026-04-05
70,14,53,66,63,31,68,2026-05-02
71,15,58,54,66,51,43,2026-01-12
72,15,55,40,49,52,74,2026-02-07
73,15,57,53,48,54,64,2026-03-10
74,15,35,66,51,55,56,2026-04-07
75,15,57,61,48,56,59,2026-05-03
76,16,60,36,70,56,77,2026-01-12
77,16,68,52,71,58,40,2026-02-08
78,16,71,67,66,56,57,2026-03-09
79,16,55,53,61,55,62,2026-04-06
80,16,60,64,59,69,83,2026-05-03
81,17,80,99,62,48,72,2026-01-11
82,17,73,56,59,63,54,2026-02-10
83,17,49,75,39,59,61,2026-03-07
84,17,82,46,77,79,78,2026-04-04
85,17,79,61,72,89,63,2026-05-03
86,18,68,60,53,56,52,2026-01-11
87,18,75,71,46,65,46,2026-02-10
88,18,49,63,75,51,83,2026-03-08
89,18,61,60,45,56,73,2026-04-06
90,18,49,60,76,46,63,2026-05-02
91,19,68,51,67,64,49,2026-01-12
92,19,42,69,61,52,53,2026-02-09
93,19,64,45,57,53,62,2026-03-08
94,19,38,75,73,49,61,2026-04-04
95,19,28,50,38,64,58,2026-05-02
96,20,54,48,62,69,60,2026-01-12
97,20,69,68,74,25,54,2026-02-08
98,20,72,58,49,59,76,2026-03-08
99,20,54,74,67,88,74,2026-04-04
100,20,44,77,53,70,50,2026-05-05
101,21,64,64,70,65,86,2026-01-12
102,21,65,42,49,65,56,2026-02-08
103,21,48,80,55,66,69,2026-03-10
104,21,43,68,36,58,84,2026-04-07
105,21,81,87,62,71,80,2026-05-04
106,22,54,52,40,34,43,2026-01-10
107,22,48,55,42,37,72,2026-02-09
108,22,65,43,50,40,46,2026-03-07
109,22,44,50,43,51,58,2026-04-06
110,22,62,41,55,64,49,2026-05-05
111,23,77,47,47,79,77,2026-01-11
112,23,79,82,93,69,77,2026-02-09
113,23,48,72,64,64,84,2026-03-07
114,23,54,70,56,74,80,2026-04-06
115,23,80,74,60,65,68,2026-05-05
116,24,56,63,69,58,74,2026-01-13
117,24,46,60,70,37,57,2026-02-10
118,24,54,71,79,40,55,2026-03-09
119,24,80,65,77,41,93,2026-04-07
120,24,49,71,63,48,74,2026-05-02
121,25,48,64,68,71,85,2026-01-13
122,25,89,54,59,66,57,2026-02-08
123,25,75,47,41,65,57,2026-03-10
124,25,66,53,50,62,64,2026-04-04
125,25,27,38,51,43,48,2026-05-04
126,26,55,48,40,66,47,2026-01-10
127,26,64,48,49,55,60,2026-02-09
128,26,61,42,41,65,45,2026-03-09
129,26,58,60,63,66,56,2026-04-07
130,26,45,61,46,68,70,2026-05-03
131,27,31,40,52,46,57,2026-01-10
132,27,66,50,41,47,64,2026-02-09
133,27,48,39,34,50,49,2026-03-08
134,27,55,34,28,47,59,2026-04-04
135,27,36,53,30,48,38,2026-05-04
136,28,50,65,63,63,71,2026-01-10
137,28,52,54,52,52,50,2026-02-07
138,28,35,56,67,72,59,2026-03-08
139,28,61,58,29,86,64,2026-04-06
140,28,65,52,56,65,82,2026-05-03
141,29,61,60,75,59,54,2026-01-12
142,29,54,27,58,43,69,2026-02-09
143,29,42,74,29,50,59,2026-03-08
144,29,50,70,52,57,53,2026-04-04
145,29,55,67,34,66,67,2026-05-05
146,30,78,84,73,51,70,2026-01-11
147,30,59,73,85,89,98,2026-02-07
148,30,59,71,65,87,62,2026-03-08
149,30,67,71,57,69,81,2026-04-05
150,30,77,47,79,84,89,2026-05-03
151,31,48,32,48,56,44,2026-01-12
152,31,33,57,64,61,48,2026-02-10
153,31,63,39,41,32,54,2026-03-07
154,31,67,61,36,44,32,2026-04-07
155,31,36,53,76,47,42,2026-05-04
156,32,67,70,89,80,83,2026-01-11
157,32,66,81,88,78,71,2026-02-07
158,32,67,63,51,77,89,2026-03-07
159,32,62,74,59,78,86,2026-04-05
160,32,75,60,69,78,68,2026-05-03
161,33,64,69,54,60,54,2026-01-10
162,33,36,67,62,30,40,2026-02-08
163,33,50,40,27,36,45,2026-03-07
164,33,55,33,49,48,48,2026-04-07
165,33,55,52,33,54,61,2026-05-05
166,34,53,44,38,41,76,2026-01-13
167,34,48,64,55,54,30,2026-02-07
168,34,51,43,60,47,70,2026-03-09
169,34,64,52,56,37,48,2026-04-05
170,34,80,62,62,56,63,2026-05-05
171,35,46,40,66,49,72,2026-01-12
172,35,50,53,78,68,48,2026-02-07
173,35,76,53,53,67,63,2026-03-09
174,35,65,50,64,48,56,2026-04-05
175,35,60,64,57,53,62,2026-05-05
176,36,65,58,63,70,74,2026-01-12
177,36,93,89,66,79,48,2026-02-08
178,36,38,61,62,75,66,2026-03-08
179,36,75,66,59,86,89,2026-04-05
180,36,65,59,42,62,60,2026-05-03
181,37,51,61,62,84,72,2026-01-11
182,37,54,47,66,62,50,2026-02-10
183,37,55,56,49,72,60,2026-03-10
184,37,83,64,72,68,67,2026-04-07
185,37,42,92,82,70,72,2026-05-03
186,38,55,44,56,61,74,2026-01-13
187,38,56,46,45,48,61,2026-02-10
188,38,61,43,60,60,63,2026-03-10
189,38,37,48,37,67,61,2026-04-06
190,38,63,51,58,39,32,2026-05-04
191,39,66,59,62,48,67,2026-01-12
192,39,74,78,70,68,78,2026-02-09
193,39,72,60,38,70,83,2026-03-10
194,39,51,72,58,52,70,2026-04-04
195,39,80,55,60,60,80,2026-05-03
196,40,70,62,90,73,72,2026-01-11
197,40,73,73,25,59,56,2026-02-07
198,40,56,48,52,74,73,2026-03-07
199,40,66,67,54,52,66,2026-04-06
200,40,63,79,55,70,47,2026-05-04
201,41,71,28,41,57,42,2026-01-10
202,41,60,52,54,67,66,2026-02-10
203,41,46,54,69,40,79,2026-03-10
204,41,93,41,58,62,66,2026-04-07
205,41,48,60,72,76,61,2026-05-03
206,42,43,45,63,58,67,2026-01-12
207,42,58,72,58,61,53,2026-02-07
208,42,33,53,72,68,42,2026-03-10
209,42,55,62,35,49,70,2026-04-06
210,42,58,59,58,55,44,2026-05-05
211,43,49,63,47,45,56,2026-01-13
212,43,55,25,56,56,58,2026-02-07
213,43,46,67,46,67,51,2026-03-08
214,43,69,33,37,63,68,2026-04-05
215,43,29,65,54,71,51,2026-05-04
216,44,75,57,57,76,49,2026-01-10
217,44,73,58,68,74,75,2026-02-09
218,44,45,62,81,58,69,2026-03-07
219,44,72,55,67,81,63,2026-04-06
220,44,55,54,61,79,63,2026-05-02
221,45,63,66,51,38,51,2026-01-10
222,45,75,55,61,53,49,2026-02-07
223,45,56,62,25,61,57,2026-03-07
224,45,64,50,43,60,51,2026-04-04
225,45,72,37,42,36,57,2026-05-04
226,46,89,72,91,69,64,2026-01-10
227,46,72,73,58,69,57,2026-02-08
228,46,66,56,75,56,86,2026-03-07
229,46,75,49,66,83,60,2026-04-04
230,46,69,74,61,89,83,2026-05-05
231,47,63,42,43,59,54,2026-01-11
232,47,25,54,35,38,70,2026-02-09
233,47,46,28,53,47,45,2026-03-09
234,47,39,47,65,56,46,2026-04-04
235,47,57,64,52,61,76,2026-05-03
236,48,40,74,53,70,64,2026-01-11
237,48,54,50,66,60,60,2026-02-07
238,48,54,61,70,65,57,2026-03-10
239,48,73,62,73,80,76,2026-04-05
240,48,62,49,50,37,74,2026-05-05
241,49,59,42,60,66,53,2026-01-11
242,49,60,49,62,81,80,2026-02-07
243,49,69,74,70,75,71,2026-03-08
244,49,65,80,45,60,89,2026-04-04
245,49,72,57,32,57,63,2026-05-04
246,50,61,60,61,69,64,2026-01-10
247,50,34,52,44,62,65,2026-02-10
248,50,36,34,51,52,68,2026-03-09
249,50,43,83,35,72,61,2026-04-06
250,50,61,52,47,49,72,2026-05-05
251,51,62,64,77,63,81,2026-01-10
252,51,89,63,58,47,41,2026-02-10
253,51,51,64,57,70,75,2026-03-07
254,51,79,51,59,56,61,2026-04-07
255,51,28,59,73,63,61,2026-05-02
256,52,73,76,57,51,59,2026-01-13
257,52,43,61,37,66,65,2026-02-07
258,52,63,66,68,79,76,2026-03-07
259,52,65,47,84,55,71,2026-04-06
260,52,76,61,56,64,78,2026-05-04
261,53,50,52,76,68,81,2026-01-13
262,53,91,65,72,90,61,2026-02-08
263,53,67,89,81,74,93,2026-03-08
264,53,70,66,96,68,84,2026-04-07
265,53,76,61,84,82,80,2026-05-05
266,54,54,75,59,65,64,2026-01-13
267,54,61,48,45,56,74,2026-02-10
268,54,36,46,37,57,29,2026-03-10
269,54,47,46,48,59,57,2026-04-05
270,54,25,48,47,59,42,2026-05-05
271,55,57,66,45,60,69,2026-01-10
272,55,41,62,54,76,34,2026-02-09
273,55,62,56,42,47,61,2026-03-07
274,55,41,53,50,68,57,2026-04-07
275,55,69,50,69,74,61,2026-05-02
276,56,50,59,46,76,58,2026-01-13
277,56,62,62,62,62,82,2026-02-07
278,56,62,73,58,57,52,2026-03-08
279,56,71,45,50,66,56,2026-04-04
280,56,33,70,66,42,58,2026-05-05
281,57,42,56,53,38,54,2026-01-12
282,57,42,40,25,50,50,2026-02-10
283,57,46,46,56,25,43,2026-03-10
284,57,57,50,43,52,37,2026-04-05
285,57,51,38,57,42,37,2026-05-03
286,58,78,43,37,73,62,2026-01-13
287,58,83,84,57,52,79,2026-02-10
288,58,65,74,72,79,80,2026-03-07
289,58,46,66,91,76,77,2026-04-06
290,58,82,56,87,57,64,2026-05-02
291,59,79,41,47,68,81,2026-01-13
292,59,82,66,78,85,60,2026-02-07
293,59,58,48,55,48,80,2026-03-07
294,59,64,62,44,54,51,2026-04-04
295,59,64,85,65,52,35,2026-05-04
296,60,65,82,68,95,91,2026-01-13
297,60,72,69,58,77,57,2026-02-08
298,60,55,57,73,67,95,2026-03-07
299,60,66,80,53,63,81,2026-04-04
300,60,68,85,63,52,61,2026-05-05
301,61,46,56,56,56,62,2026-01-11
302,61,47,81,62,85,64,2026-02-10
303,61,64,48,43,48,58,2026-03-09
304,61,40,52,39,65,59,2026-04-06
305,61,37,35,57,94,44,2026-05-04
306,62,55,59,51,41,55,2026-01-11
307,62,80,63,79,63,42,2026-02-10
308,62,75,64,30,26,68,2026-03-09
309,62,53,35,66,65,58,2026-04-04
310,62,65,35,53,59,81,2026-05-04
311,63,36,45,25,36,72,2026-01-12
312,63,36,60,48,38,25,2026-02-09
313,63,49,40,55,61,47,2026-03-10
314,63,43,59,39,36,53,2026-04-05
315,63,75,38,41,49,25,2026-05-03
316,64,67,69,69,67,53,2026-01-12
317,64,68,43,85,63,82,2026-02-07
318,64,48,82,70,65,65,2026-03-08
319,64,52,75,75,45,54,2026-04-06
320,64,79,49,64,75,74,2026-05-02
321,65,50,52,57,45,60,2026-01-11
322,65,56,80,51,64,54,2026-02-09
323,65,57,56,54,85,50,2026-03-09
324,65,61,44,74,69,50,2026-04-05
325,65,57,58,59,59,52,2026-05-04
326,66,60,36,63,69,64,2026-01-12
327,66,52,64,58,56,59,2026-02-07
328,66,66,59,60,59,56,2026-03-08
329,66,49,65,45,63,100,2026-04-07
330,66,47,69,74,38,56,2026-05-05
331,67,81,52,64,71,56,2026-01-13
332,67,61,67,70,68,81,2026-02-08
333,67,60,63,59,50,69,2026-03-09
334,67,75,72,53,69,81,2026-04-04
335,67,65,65,52,65,59,2026-05-03
336,68,57,48,64,72,61,2026-01-13
337,68,65,53,53,56,62,2026-02-07
338,68,63,45,70,56,38,2026-03-07
339,68,74,59,64,59,82,2026-04-05
340,68,52,88,54,59,82,2026-05-02
341,69,61,63,63,43,52,2026-01-13
342,69,64,51,80,56,77,2026-02-09
343,69,49,48,74,87,74,2026-03-09
344,69,57,54,69,58,54,2026-04-07
345,69,75,83,57,68,67,2026-05-02
346,70,73,54,60,35,84,2026-01-10
347,70,62,46,63,56,38,2026-02-10
348,70,47,62,57,75,67,2026-03-08
349,70,48,60,42,41,46,2026-04-06
350,70,76,65,75,51,72,2026-05-03
351,71,68,62,60,60,53,2026-01-10
352,71,76,60,49,58,74,2026-02-07
353,71,84,69,57,74,78,2026-03-07
354,71,67,62,66,61,57,2026-04-05
355,71,63,62,56,81,83,2026-05-04
356,72,79,68,72,80,96,2026-01-12
357,72,68,54,68,51,82,2026-02-07
358,72,69,77,67,74,96,2026-03-07
359,72,62,74,63,68,68,2026-04-05
360,72,78,62,77,81,74,2026-05-03
361,73,72,55,47,31,61,2026-01-12
362,73,25,25,27,38,66,2026-02-08
363,73,36,63,27,51,48,2026-03-10
364,73,64,43,25,53,60,2026-04-04
365,73,50,52,53,52,57,2026-05-03
366,74,58,78,62,49,70,2026-01-12
367,74,68,68,72,71,69,2026-02-08
368,74,67,77,84,61,79,2026-03-08
369,74,70,62,66,89,86,2026-04-06
370,74,66,81,87,78,58,2026-05-04
371,75,69,38,68,72,47,2026-01-13
372,75,62,63,59,59,60,2026-02-10
373,75,48,63,46,60,88,2026-03-09
374,75,32,56,65,43,58,2026-04-04
375,75,75,44,77,57,55,2026-05-02
376,76,81,42,46,69,77,2026-01-11
377,76,57,68,68,61,92,2026-02-10
378,76,64,69,36,52,56,2026-03-10
379,76,68,41,73,72,84,2026-04-05
380,76,84,58,48,54,83,2026-05-05
381,77,75,53,61,78,86,2026-01-11
382,77,53,60,56,63,62,2026-02-10
383,77,59,49,57,55,64,2026-03-10
384,77,84,70,52,53,79,2026-04-07
385,77,75,54,77,53,40,2026-05-04
386,78,58,60,47,42,68,2026-01-11
387,78,73,57,35,41,64,2026-02-10
388,78,72,85,47,54,49,2026-03-07
389,78,76,45,66,73,77,2026-04-05
390,78,53,54,46,56,39,2026-05-05
391,79,58,71,47,60,33,2026-01-13
392,79,25,66,25,35,65,2026-02-10
393,79,47,49,59,57,41,2026-03-10
394,79,46,36,59,60,50,2026-04-06
395,79,43,29,70,50,52,2026-05-03
396,80,55,53,51,50,95,2026-01-13
397,80,58,54,81,68,79,2026-02-09
398,80,34,70,44,75,64,2026-03-08
399,80,84,61,46,59,63,2026-04-07
400,80,65,54,49,63,69,2026-05-02
401,81,42,75,33,84,87,2026-01-11
402,81,75,74,59,51,51,2026-02-08
403,81,52,64,67,25,78,2026-03-07
404,81,51,67,56,48,43,2026-04-06
405,81,61,78,44,66,59,2026-05-02
406,82,53,31,69,78,69,2026-01-11
407,82,77,45,62,55,68,2026-02-07
408,82,54,55,68,40,60,2026-03-08
409,82,72,48,79,62,45,2026-04-05
410,82,62,42,39,51,64,2026-05-04
411,83,56,60,75,75,72,2026-01-11
412,83,79,75,70,60,67,2026-02-08
413,83,50,61,55,71,86,2026-03-08
414,83,68,43,61,61,74,2026-04-04
415,83,69,54,37,90,66,2026-05-04
416,84,51,32,49,58,58,2026-01-12
417,84,66,50,32,49,52,2026-02-08
418,84,47,37,62,54,50,2026-03-08
419,84,42,60,49,88,48,2026-04-07
420,84,78,64,35,61,51,2026-05-04
421,85,71,33,35,25,35,2026-01-12
422,85,49,25,25,44,30,2026-02-07
423,85,68,46,49,56,52,2026-03-07
424,85,52,40,48,66,31,2026-04-07
425,85,48,56,68,39,69,2026-05-04
426,86,51,78,63,76,73,2026-01-13
427,86,79,64,35,63,66,2026-02-10
428,86,63,59,71,55,69,2026-03-09
429,86,76,75,78,50,66,2026-04-07
430,86,72,64,73,76,80,2026-05-05
431,87,71,50,69,53,75,2026-01-11
432,87,72,66,69,62,59,2026-02-07
433,87,70,84,53,56,71,2026-03-10
434,87,75,77,83,69,66,2026-04-06
435,87,69,70,51,75,58,2026-05-03
436,88,66,53,59,51,69,2026-01-11
437,88,59,79,69,59,57,2026-02-09
438,88,68,54,70,72,76,2026-03-07
439,88,44,77,57,70,62,2026-04-05
440,88,49,60,64,71,54,2026-05-02
441,89,52,56,41,74,74,2026-01-13
442,89,54,41,64,62,69,2026-02-07
443,89,60,57,45,65,70,2026-03-09
444,89,81,53,62,62,66,2026-04-07
445,89,60,45,54,67,63,2026-05-05
446,90,66,61,43,61,52,2026-01-10
447,90,32,29,72,46,40,2026-02-07
448,90,58,52,43,52,55,2026-03-09
449,90,65,44,53,46,36,2026-04-07
450,90,40,57,71,56,51,2026-05-05
451,91,65,72,67,62,64,2026-01-11
452,91,52,64,88,59,55,2026-02-08
453,91,60,61,70,78,78,2026-03-07
454,91,53,64,46,75,84,2026-04-04
455,91,59,63,58,44,64,2026-05-03
456,92,55,74,71,50,62,2026-01-10
457,92,51,34,60,59,49,2026-02-08
458,92,70,65,42,43,58,2026-03-07
459,92,49,45,69,48,62,2026-04-05
460,92,31,64,67,64,67,2026-05-03
461,93,69,61,54,74,83,2026-01-10
462,93,84,47,56,57,58,2026-02-08
463,93,48,49,55,58,36,2026-03-10
464,93,45,45,74,39,73,2026-04-04
465,93,61,65,73,59,55,2026-05-05
466,94,31,61,25,42,50,2026-01-10
467,94,52,49,45,39,34,2026-02-07
468,94,52,56,61,43,51,2026-03-07
469,94,48,40,41,33,63,2026-04-07
470,94,43,41,36,47,49,2026-05-03
471,95,70,59,67,68,50,2026-01-12
472,95,50,67,67,62,62,2026-02-07
473,95,61,65,76,69,84,2026-03-08
474,95,67,58,75,62,65,2026-04-07
475,95,71,60,46,54,74,2026-05-02
476,96,75,69,45,51,70,2026-01-10
477,96,70,54,83,73,71,2026-02-09
478,96,79,69,64,84,49,2026-03-07
479,96,55,66,75,74,82,2026-04-07
480,96,73,87,63,94,59,2026-05-05
481,97,42,72,46,80,76,2026-01-12
482,97,67,43,46,89,65,2026-02-10
483,97,38,49,74,50,52,2026-03-10
484,97,61,59,66,67,75,2026-04-07
485,97,69,76,45,69,55,2026-05-04
486,98,46,66,25,56,66,2026-01-13
487,98,55,50,48,68,45,2026-02-09
488,98,53,75,71,65,73,2026-03-09
489,98,41,54,70,47,68,2026-04-07
490,98,40,47,38,63,70,2026-05-02
491,99,70,50,64,32,64,2026-01-12
492,99,55,53,71,73,78,2026-02-07
493,99,70,65,73,66,64,2026-03-07
494,99,78,74,73,77,89,2026-04-07
495,99,66,86,58,39,70,2026-05-05
496,100,53,32,58,45,44,2026-01-10
497,100,63,79,74,70,86,2026-02-09
498,100,53,70,50,55,76,2026-03-10
499,100,81,52,71,64,45,2026-04-07
500,100,81,67,55,58,42,2026-05-05
501,101,48,62,61,77,78,2026-01-13
502,101,70,68,63,59,60,2026-02-10
503,101,67,58,53,57,70,2026-03-07
504,101,75,48,57,55,52,2026-04-05
505,101,77,73,60,65,79,2026-05-02
506,102,81,61,63,77,72,2026-01-11
507,102,60,55,56,90,100,2026-02-10
508,102,66,74,80,56,66,2026-03-10
509,102,71,62,58,74,70,2026-04-05
510,102,77,63,58,59,69,2026-05-02
511,103,54,41,82,79,74,2026-01-11
512,103,38,49,73,53,61,2026-02-10
513,103,38,76,54,65,64,2026-03-09
514,103,71,59,68,73,72,2026-04-06
515,103,59,57,51,61,75,2026-05-04
516,104,80,60,70,65,53,2026-01-10
517,104,65,68,63,62,70,2026-02-10
518,104,54,69,55,39,72,2026-03-10
519,104,58,69,67,46,58,2026-04-06
520,104,93,68,58,63,61,2026-05-05
521,105,71,75,98,63,74,2026-01-13
522,105,66,62,86,60,48,2026-02-07
523,105,63,75,62,55,57,2026-03-07
524,105,43,83,74,47,61,2026-04-06
525,105,69,62,53,74,56,2026-05-02
526,106,89,59,46,71,87,2026-01-12
527,106,76,76,83,63,65,2026-02-08
528,106,70,71,59,67,62,2026-03-07
529,106,85,73,56,67,75,2026-04-04
530,106,77,65,80,64,61,2026-05-05
531,107,72,58,51,66,61,2026-01-10
532,107,92,82,75,75,89,2026-02-10
533,107,64,63,64,42,64,2026-03-09
534,107,70,68,67,64,74,2026-04-05
535,107,53,44,54,58,88,2026-05-02
536,108,77,47,59,55,88,2026-01-12
537,108,74,65,61,67,61,2026-02-10
538,108,37,55,40,86,62,2026-03-10
539,108,82,68,64,72,88,2026-04-06
540,108,63,59,81,42,52,2026-05-05
541,109,42,49,66,49,66,2026-01-11
542,109,66,49,63,58,74,2026-02-08
543,109,74,60,55,64,67,2026-03-07
544,109,68,68,64,69,62,2026-04-06
545,109,88,66,34,75,79,2026-05-04
546,110,53,54,49,53,57,2026-01-13
547,110,52,58,63,72,84,2026-02-09
548,110,53,31,67,59,64,2026-03-10
549,110,50,51,50,73,59,2026-04-04
550,110,44,71,38,65,65,2026-05-05
551,111,49,54,60,45,53,2026-01-10
552,111,62,78,51,54,51,2026-02-10
553,111,65,62,75,75,71,2026-03-10
554,111,52,37,82,70,88,2026-04-04
555,111,70,65,72,88,58,2026-05-02
556,112,66,56,47,55,67,2026-01-10
557,112,74,69,40,46,70,2026-02-09
558,112,59,58,94,76,55,2026-03-08
559,112,82,69,38,67,69,2026-04-07
560,112,42,54,67,69,49,2026-05-05
561,113,42,45,73,64,53,2026-01-12
562,113,49,80,54,64,61,2026-02-10
563,113,65,58,44,61,53,2026-03-10
564,113,75,66,70,64,85,2026-04-07
565,113,42,48,63,58,66,2026-05-03
566,114,60,59,48,81,88,2026-01-10
567,114,64,61,53,78,84,2026-02-09
568,114,81,78,89,76,100,2026-03-07
569,114,97,83,60,77,75,2026-04-07
570,114,92,71,71,83,97,2026-05-02
571,115,65,42,32,55,90,2026-01-11
572,115,58,68,48,69,64,2026-02-07
573,115,52,77,54,56,55,2026-03-10
574,115,54,78,60,55,43,2026-04-04
575,115,81,36,60,66,61,2026-05-05
576,116,78,55,55,61,62,2026-01-13
577,116,48,71,64,65,83,2026-02-09
578,116,74,77,45,78,53,2026-03-08
579,116,70,54,69,68,62,2026-04-05
580,116,70,51,67,57,36,2026-05-03
581,117,69,58,60,74,60,2026-01-13
582,117,76,62,63,72,75,2026-02-10
583,117,49,56,86,52,51,2026-03-09
584,117,85,64,48,54,75,2026-04-07
585,117,75,59,68,60,85,2026-05-04
586,118,55,39,43,61,68,2026-01-12
587,118,49,49,65,61,42,2026-02-09
588,118,62,54,53,55,49,2026-03-07
589,118,47,43,53,60,56,2026-04-05
590,118,47,54,52,55,41,2026-05-03
591,119,44,56,45,66,38,2026-01-10
592,119,30,44,46,25,58,2026-02-08
593,119,81,56,31,44,64,2026-03-08
594,119,36,44,42,87,50,2026-04-05
595,119,55,33,33,47,56,2026-05-05
596,120,64,59,77,39,63,2026-01-12
597,120,58,33,44,71,54,2026-02-08
598,120,49,63,54,40,49,2026-03-10
599,120,66,61,45,42,70,2026-04-06
600,120,63,60,46,68,59,2026-05-04
601,121,49,67,50,50,58,2026-01-13
602,121,57,42,40,56,36,2026-02-09
603,121,65,44,46,68,62,2026-03-07
604,121,55,68,60,66,47,2026-04-06
605,121,56,25,42,60,50,2026-05-05
606,122,74,68,70,79,58,2026-01-12
607,122,50,57,56,68,72,2026-02-07
608,122,65,57,94,47,65,2026-03-07
609,122,50,68,85,35,76,2026-04-04
610,122,43,71,75,68,65,2026-05-03
611,123,62,37,53,28,45,2026-01-13
612,123,61,31,45,48,54,2026-02-08
613,123,29,50,60,53,39,2026-03-08
614,123,35,57,34,37,40,2026-04-05
615,123,64,61,56,47,59,2026-05-02
616,124,99,66,52,60,59,2026-01-10
617,124,46,71,55,69,66,2026-02-09
618,124,79,64,89,64,83,2026-03-10
619,124,84,66,65,67,92,2026-04-05
620,124,85,59,58,78,85,2026-05-04
621,125,75,42,71,83,77,2026-01-11
622,125,54,69,62,85,72,2026-02-07
623,125,67,46,80,82,80,2026-03-07
624,125,70,61,48,63,48,2026-04-07
625,125,50,75,60,72,71,2026-05-04
626,126,60,63,41,69,59,2026-01-12
627,126,53,34,54,43,45,2026-02-09
628,126,41,67,74,63,64,2026-03-07
629,126,49,42,53,52,50,2026-04-05
630,126,64,47,67,52,38,2026-05-05
631,127,45,73,64,59,74,2026-01-13
632,127,69,80,81,71,65,2026-02-08
633,127,55,82,53,82,58,2026-03-09
634,127,55,69,79,56,75,2026-04-05
635,127,55,65,59,67,79,2026-05-02
636,128,67,59,86,51,82,2026-01-12
637,128,56,59,69,77,54,2026-02-08
638,128,53,66,62,82,77,2026-03-09
639,128,62,60,72,84,63,2026-04-05
640,128,76,51,78,60,84,2026-05-02
641,129,66,36,34,43,35,2026-01-11
642,129,40,58,28,53,64,2026-02-09
643,129,57,60,30,49,38,2026-03-10
644,129,74,40,43,25,74,2026-04-06
645,129,65,45,34,53,50,2026-05-04
646,130,56,74,63,36,68,2026-01-11
647,130,57,75,68,39,71,2026-02-07
648,130,52,63,47,62,77,2026-03-09
649,130,56,58,45,63,58,2026-04-06
650,130,71,41,47,57,66,2026-05-04
651,131,58,50,76,67,70,2026-01-10
652,131,41,75,60,66,68,2026-02-08
653,131,64,52,53,53,52,2026-03-08
654,131,51,68,49,28,47,2026-04-07
655,131,63,79,70,37,66,2026-05-04
656,132,52,44,64,54,72,2026-01-12
657,132,61,44,51,68,75,2026-02-07
658,132,64,62,53,66,54,2026-03-10
659,132,55,58,90,72,82,2026-04-06
660,132,75,64,69,80,96,2026-05-04
661,133,66,55,52,59,63,2026-01-12
662,133,64,58,63,69,77,2026-02-09
663,133,66,68,52,38,60,2026-03-07
664,133,42,45,86,80,52,2026-04-04
665,133,77,61,63,55,55,2026-05-05
666,134,63,58,58,46,60,2026-01-13
667,134,50,69,47,84,44,2026-02-10
668,134,67,40,71,55,67,2026-03-07
669,134,75,57,56,46,38,2026-04-07
670,134,46,59,38,63,65,2026-05-05
671,135,72,77,50,71,83,2026-01-13
672,135,75,54,87,54,76,2026-02-07
673,135,64,83,67,70,71,2026-03-09
674,135,53,71,68,64,79,2026-04-07
675,135,70,68,84,71,55,2026-05-03
676,136,66,96,68,71,55,2026-01-12
677,136,83,68,62,66,69,2026-02-08
678,136,53,61,48,65,77,2026-03-08
679,136,62,79,61,70,77,2026-04-07
680,136,72,53,64,57,81,2026-05-05
681,137,56,67,32,56,44,2026-01-13
682,137,48,41,68,69,52,2026-02-08
683,137,32,57,49,25,66,2026-03-09
684,137,57,56,83,61,38,2026-04-04
685,137,49,35,49,33,43,2026-05-05
686,138,65,61,88,63,70,2026-01-13
687,138,61,61,51,74,55,2026-02-10
688,138,58,56,74,65,69,2026-03-07
689,138,44,68,42,68,72,2026-04-05
690,138,67,49,71,74,41,2026-05-02
691,139,84,44,65,58,96,2026-01-10
692,139,33,90,60,60,56,2026-02-10
693,139,49,66,74,45,47,2026-03-07
694,139,83,79,74,52,79,2026-04-07
695,139,69,66,77,57,58,2026-05-03
696,140,72,39,42,60,69,2026-01-13
697,140,50,74,54,39,64,2026-02-09
698,140,65,63,56,48,59,2026-03-10
699,140,55,52,41,55,41,2026-04-07
700,140,80,71,74,49,68,2026-05-03
701,141,38,41,54,33,49,2026-01-12
702,141,39,58,42,76,49,2026-02-07
703,141,30,51,48,41,45,2026-03-07
704,141,36,48,62,43,49,2026-04-04
705,141,36,46,48,47,35,2026-05-03
706,142,67,44,47,64,57,2026-01-11
707,142,59,45,48,72,61,2026-02-07
708,142,74,45,54,48,67,2026-03-09
709,142,64,64,77,74,69,2026-04-07
710,142,51,53,71,71,67,2026-05-02
711,143,73,75,52,62,55,2026-01-11
712,143,43,37,63,70,74,2026-02-09
713,143,58,76,56,52,61,2026-03-09
714,143,56,59,52,63,64,2026-04-07
715,143,44,52,54,63,73,2026-05-05
716,144,81,60,46,66,90,2026-01-13
717,144,76,76,59,77,73,2026-02-07
718,144,64,53,63,57,80,2026-03-10
719,144,63,62,66,67,84,2026-04-06
720,144,60,56,71,61,55,2026-05-03
721,145,77,79,78,45,66,2026-01-10
722,145,85,73,55,66,62,2026-02-07
723,145,82,78,42,44,81,2026-03-07
724,145,59,73,85,79,56,2026-04-05
725,145,71,70,75,70,83,2026-05-02
726,146,64,70,65,75,82,2026-01-12
727,146,86,71,40,68,93,2026-02-08
728,146,65,62,74,99,83,2026-03-08
729,146,99,75,85,77,77,2026-04-04
730,146,54,54,74,75,86,2026-05-02
731,147,66,72,68,77,90,2026-01-12
732,147,75,50,90,91,68,2026-02-10
733,147,76,69,93,78,76,2026-03-07
734,147,73,60,65,57,62,2026-04-07
735,147,99,57,75,67,61,2026-05-03
736,148,59,62,53,87,69,2026-01-12
737,148,51,73,56,61,55,2026-02-07
738,148,64,69,43,51,75,2026-03-10
739,148,54,45,37,60,61,2026-04-05
740,148,64,54,38,57,71,2026-05-03
741,149,25,49,45,63,53,2026-01-13
742,149,31,68,53,52,61,2026-02-07
743,149,64,77,68,54,43,2026-03-10
744,149,62,50,77,54,59,2026-04-06
745,149,54,37,62,64,68,2026-05-04
746,150,70,27,66,71,84,2026-01-12
747,150,60,45,53,45,43,2026-02-08
748,150,58,41,25,69,74,2026-03-09
749,150,76,49,85,70,49,2026-04-05
750,150,69,51,72,71,69,2026-05-05
751,151,54,53,56,36,67,2026-01-10
752,151,40,58,52,62,55,2026-02-10
753,151,67,66,42,52,60,2026-03-08
754,151,45,64,46,87,76,2026-04-05
755,151,35,71,52,65,62,2026-05-04
756,152,65,78,34,41,45,2026-01-12
757,152,53,51,64,67,55,2026-02-09
758,152,56,78,61,53,57,2026-03-10
759,152,43,46,70,76,73,2026-04-07
760,152,43,71,49,77,57,2026-05-02
761,153,62,64,57,74,76,2026-01-10
762,153,59,60,85,64,50,2026-02-09
763,153,71,50,65,43,78,2026-03-08
764,153,58,79,76,55,58,2026-04-05
765,153,74,54,82,52,77,2026-05-03
766,154,64,69,69,75,74,2026-01-12
767,154,54,46,60,57,55,2026-02-09
768,154,66,83,84,66,79,2026-03-07
769,154,38,64,44,93,52,2026-04-05
770,154,69,65,46,51,29,2026-05-03
771,155,82,41,41,81,84,2026-01-12
772,155,35,77,75,56,59,2026-02-08
773,155,66,49,40,64,65,2026-03-09
774,155,60,64,46,54,57,2026-04-07
775,155,51,41,61,76,53,2026-05-04
776,156,75,82,55,57,52,2026-01-13
777,156,41,57,81,59,91,2026-02-07
778,156,69,69,70,56,76,2026-03-07
779,156,57,71,53,66,70,2026-04-05
780,156,99,65,42,64,67,2026-05-02
781,157,60,42,47,54,57,2026-01-11
782,157,46,55,57,29,40,2026-02-10
783,157,56,54,49,41,46,2026-03-08
784,157,53,54,56,68,48,2026-04-05
785,157,45,44,68,78,53,2026-05-05
786,158,46,70,63,37,51,2026-01-13
787,158,66,66,42,63,40,2026-02-09
788,158,55,30,50,46,51,2026-03-10
789,158,61,56,85,60,45,2026-04-06
790,158,68,63,34,76,71,2026-05-05
791,159,66,53,73,66,84,2026-01-12
792,159,70,78,62,78,88,2026-02-09
793,159,79,95,67,63,72,2026-03-10
794,159,97,59,64,67,65,2026-04-07
795,159,81,61,61,98,75,2026-05-02
796,160,81,50,86,59,70,2026-01-12
797,160,71,70,82,91,65,2026-02-07
798,160,82,62,59,73,69,2026-03-08
799,160,81,64,48,77,58,2026-04-05
800,160,93,63,67,74,73,2026-05-02
801,161,73,74,58,69,87,2026-01-12
802,161,64,59,62,47,76,2026-02-09
803,161,60,61,78,68,63,2026-03-07
804,161,76,55,55,71,65,2026-04-07
805,161,71,71,86,63,51,2026-05-04
806,162,58,76,25,57,69,2026-01-13
807,162,44,56,45,68,54,2026-02-10
808,162,72,35,46,49,46,2026-03-08
809,162,36,49,49,61,69,2026-04-07
810,162,43,37,62,41,42,2026-05-05
811,163,34,59,47,88,47,2026-01-13
812,163,34,73,44,45,83,2026-02-07
813,163,54,61,40,61,72,2026-03-08
814,163,64,77,75,40,54,2026-04-05
815,163,51,53,52,54,58,2026-05-03
816,164,66,53,60,87,39,2026-01-12
817,164,63,67,76,76,56,2026-02-07
818,164,80,85,61,51,72,2026-03-07
819,164,64,57,62,62,49,2026-04-06
820,164,62,54,43,76,37,2026-05-02
821,165,53,91,89,79,66,2026-01-10
822,165,85,79,78,80,81,2026-02-10
823,165,78,50,73,71,84,2026-03-10
824,165,76,69,65,85,61,2026-04-05
825,165,74,62,64,62,98,2026-05-05
826,166,67,55,53,65,79,2026-01-13
827,166,51,65,54,52,52,2026-02-08
828,166,74,57,71,33,69,2026-03-08
829,166,51,44,50,38,55,2026-04-07
830,166,51,55,50,38,35,2026-05-02
831,167,30,38,29,46,44,2026-01-10
832,167,72,52,39,49,54,2026-02-09
833,167,63,46,62,41,52,2026-03-10
834,167,38,34,64,46,63,2026-04-04
835,167,50,56,47,64,69,2026-05-03
836,168,89,50,73,81,68,2026-01-12
837,168,78,77,78,86,71,2026-02-09
838,168,70,59,58,57,66,2026-03-09
839,168,47,90,53,75,65,2026-04-06
840,168,50,55,65,96,55,2026-05-04
841,169,49,59,57,62,79,2026-01-11
842,169,67,59,66,48,85,2026-02-09
843,169,55,57,71,73,85,2026-03-08
844,169,60,58,64,71,59,2026-04-05
845,169,57,70,74,69,49,2026-05-05
846,170,71,64,64,64,51,2026-01-13
847,170,57,54,59,61,72,2026-02-10
848,170,76,37,41,42,73,2026-03-10
849,170,41,51,45,39,60,2026-04-06
850,170,55,59,50,49,65,2026-05-02
851,171,72,62,47,54,73,2026-01-13
852,171,72,71,56,41,47,2026-02-09
853,171,54,62,41,59,45,2026-03-07
854,171,57,66,53,58,74,2026-04-04
855,171,34,56,54,58,46,2026-05-02
856,172,46,60,75,41,46,2026-01-11
857,172,51,50,53,67,70,2026-02-10
858,172,40,41,42,41,52,2026-03-09
859,172,60,80,38,53,41,2026-04-05
860,172,50,65,29,74,45,2026-05-03
861,173,69,67,61,51,61,2026-01-13
862,173,51,69,69,77,51,2026-02-07
863,173,65,60,74,55,63,2026-03-10
864,173,78,62,74,71,71,2026-04-07
865,173,76,54,81,57,71,2026-05-05
866,174,70,52,36,48,57,2026-01-12
867,174,51,76,52,61,59,2026-02-07
868,174,61,49,55,74,82,2026-03-09
869,174,68,60,52,76,69,2026-04-07
870,174,34,38,57,42,57,2026-05-03
871,175,75,61,81,75,63,2026-01-11
872,175,66,60,71,89,70,2026-02-08
873,175,72,49,60,61,95,2026-03-08
874,175,54,84,60,71,63,2026-04-04
875,175,73,67,76,88,70,2026-05-02
876,176,89,50,48,63,76,2026-01-12
877,176,75,56,52,75,67,2026-02-07
878,176,49,31,74,62,65,2026-03-09
879,176,53,67,45,76,56,2026-04-04
880,176,50,48,64,55,54,2026-05-03
881,177,49,57,69,58,61,2026-01-10
882,177,73,65,72,72,45,2026-02-07
883,177,58,75,57,42,68,2026-03-10
884,177,73,55,73,79,65,2026-04-04
885,177,57,70,70,69,49,2026-05-02
886,178,60,52,49,44,42,2026-01-10
887,178,70,54,51,50,43,2026-02-09
888,178,63,68,51,45,33,2026-03-10
889,178,42,58,50,65,60,2026-04-06
890,178,53,49,38,25,46,2026-05-02
891,179,71,41,43,47,72,2026-01-13
892,179,54,32,30,37,40,2026-02-09
893,179,40,39,39,47,43,2026-03-08
894,179,30,37,56,58,38,2026-04-04
895,179,33,54,40,54,37,2026-05-05
896,180,53,66,42,68,53,2026-01-12
897,180,65,55,54,50,61,2026-02-08
898,180,31,50,48,52,82,2026-03-08
899,180,49,30,39,48,74,2026-04-05
900,180,41,48,58,56,64,2026-05-04
901,181,74,25,64,89,79,2026-01-10
902,181,57,61,63,52,56,2026-02-09
903,181,60,59,59,56,64,2026-03-09
904,181,79,66,43,48,76,2026-04-07
905,181,61,66,56,63,48,2026-05-04
906,182,37,29,25,51,44,2026-01-13
907,182,48,61,45,50,39,2026-02-10
908,182,43,49,71,34,60,2026-03-10
909,182,35,48,52,36,30,2026-04-07
910,182,47,51,52,49,44,2026-05-05
911,183,57,65,46,46,56,2026-01-13
912,183,56,55,59,65,57,2026-02-07
913,183,53,82,63,69,73,2026-03-09
914,183,36,52,48,44,50,2026-04-07
915,183,73,51,59,48,53,2026-05-02
916,184,54,29,40,27,46,2026-01-11
917,184,52,42,49,43,70,2026-02-08
918,184,60,42,45,68,44,2026-03-09
919,184,53,50,56,54,70,2026-04-04
920,184,39,33,55,39,37,2026-05-04
921,185,45,68,34,51,86,2026-01-11
922,185,47,39,52,58,54,2026-02-09
923,185,71,70,51,59,54,2026-03-09
924,185,47,43,41,60,59,2026-04-05
925,185,40,63,37,52,78,2026-05-04
926,186,55,41,83,51,62,2026-01-12
927,186,80,54,52,73,69,2026-02-10
928,186,58,40,60,49,71,2026-03-09
929,186,62,69,72,51,89,2026-04-06
930,186,65,54,77,78,83,2026-05-02
931,187,58,62,63,59,74,2026-01-13
932,187,41,68,56,66,60,2026-02-10
933,187,27,70,68,69,83,2026-03-07
934,187,41,81,46,45,65,2026-04-06
935,187,60,66,52,78,81,2026-05-04
936,188,75,48,62,66,75,2026-01-12
937,188,74,61,77,80,77,2026-02-09
938,188,48,77,68,64,86,2026-03-07
939,188,86,64,51,87,69,2026-04-05
940,188,69,77,64,77,83,2026-05-03
941,189,71,64,76,68,92,2026-01-11
942,189,70,67,61,67,61,2026-02-09
943,189,83,80,67,56,66,2026-03-10
944,189,64,64,63,59,50,2026-04-04
945,189,54,50,70,47,69,2026-05-04
946,190,67,53,55,80,80,2026-01-10
947,190,47,55,75,80,74,2026-02-09
948,190,56,67,65,83,71,2026-03-10
949,190,66,52,41,73,86,2026-04-07
950,190,54,72,60,80,85,2026-05-03
951,191,73,47,53,42,58,2026-01-13
952,191,61,45,74,33,54,2026-02-08
953,191,35,65,35,49,54,2026-03-10
954,191,71,82,43,63,53,2026-04-04
955,191,60,40,56,69,72,2026-05-04
956,192,59,77,53,72,52,2026-01-10
957,192,78,46,39,66,67,2026-02-07
958,192,69,63,51,56,59,2026-03-08
959,192,80,76,47,49,69,2026-04-07
960,192,57,58,53,63,58,2026-05-03
961,193,68,66,74,75,77,2026-01-10
962,193,51,48,65,73,62,2026-02-10
963,193,90,57,69,82,88,2026-03-08
964,193,99,81,51,73,54,2026-04-06
965,193,72,80,79,48,77,2026-05-03
966,194,52,68,66,90,67,2026-01-12
967,194,84,56,70,57,54,2026-02-10
968,194,55,64,45,54,61,2026-03-09
969,194,77,55,81,25,89,2026-04-04
970,194,35,63,68,73,64,2026-05-04
971,195,47,48,65,69,72,2026-01-11
972,195,54,70,67,71,66,2026-02-08
973,195,63,58,47,83,66,2026-03-09
974,195,63,68,71,59,66,2026-04-04
975,195,55,65,37,65,61,2026-05-03
976,196,36,41,31,56,57,2026-01-11
977,196,60,44,68,55,59,2026-02-10
978,196,82,47,40,42,46,2026-03-07
979,196,62,49,73,54,67,2026-04-05
980,196,58,49,28,65,62,2026-05-02
981,197,55,74,50,62,56,2026-01-10
982,197,68,74,54,51,62,2026-02-08
983,197,61,71,54,64,69,2026-03-10
984,197,47,51,48,73,64,2026-04-07
985,197,65,57,35,88,63,2026-05-03
986,198,61,57,55,63,60,2026-01-12
987,198,62,74,79,59,62,2026-02-08
988,198,65,49,61,65,86,2026-03-10
989,198,74,68,48,85,69,2026-04-07
990,198,46,65,56,54,64,2026-05-05
991,199,58,73,55,48,77,2026-01-10
992,199,79,68,100,89,79,2026-02-09
993,199,66,77,76,59,94,2026-03-08
994,199,75,79,66,87,84,2026-04-05
995,199,60,79,68,70,69,2026-05-04
996,200,66,68,63,83,90,2026-01-11
997,200,91,76,56,57,81,2026-02-08
998,200,81,87,77,63,51,2026-03-08
999,200,74,77,77,97,75,2026-04-04
1000,200,53,79,57,63,87,2026-05-04
1001,201,34,34,43,67,84,2026-01-12
1002,201,43,53,69,35,60,2026-02-07
1003,201,70,75,65,53,57,2026-03-07
1004,201,75,67,63,57,59,2026-04-06
1005,201,57,44,66,69,81,2026-05-03
1006,202,75,85,63,75,50,2026-01-11
1007,202,64,39,55,50,74,2026-02-09
1008,202,46,53,29,58,53,2026-03-09
1009,202,65,67,53,65,75,2026-04-06
1010,202,84,52,69,66,69,2026-05-02
1011,203,56,57,44,54,42,2026-01-13
1012,203,70,52,44,59,42,2026-02-08
1013,203,47,66,43,41,67,2026-03-10
1014,203,58,60,53,77,40,2026-04-06
1015,203,75,57,31,63,45,2026-05-04
1016,204,85,69,83,65,63,2026-01-10
1017,204,70,72,52,88,76,2026-02-09
1018,204,76,87,51,88,97,2026-03-09
1019,204,73,89,61,67,61,2026-04-06
1020,204,59,77,60,76,70,2026-05-04
1021,205,62,82,61,51,52,2026-01-10
1022,205,44,57,54,62,72,2026-02-09
1023,205,63,66,57,36,73,2026-03-08
1024,205,66,94,67,53,56,2026-04-07
1025,205,33,25,72,43,36,2026-05-03
1026,206,62,74,44,63,58,2026-01-10
1027,206,49,72,62,43,56,2026-02-07
1028,206,48,64,44,68,51,2026-03-10
1029,206,62,60,62,36,50,2026-04-06
1030,206,60,58,56,69,80,2026-05-05
1031,207,53,65,63,56,68,2026-01-11
1032,207,67,52,45,30,68,2026-02-07
1033,207,52,37,72,44,71,2026-03-07
1034,207,44,36,62,65,53,2026-04-07
1035,207,64,49,45,49,51,2026-05-03
1036,208,50,69,46,60,86,2026-01-11
1037,208,55,71,65,64,60,2026-02-10
1038,208,58,62,53,56,72,2026-03-07
1039,208,36,50,53,60,78,2026-04-06
1040,208,45,60,74,54,50,2026-05-05
1041,209,80,67,87,57,79,2026-01-10
1042,209,48,65,55,47,83,2026-02-08
1043,209,59,71,55,60,33,2026-03-10
1044,209,55,56,81,78,64,2026-04-05
1045,209,78,44,87,66,91,2026-05-02
1046,210,67,55,57,61,54,2026-01-11
1047,210,44,39,35,51,64,2026-02-09
1048,210,40,57,67,55,62,2026-03-09
1049,210,71,40,62,65,45,2026-04-06
1050,210,43,81,83,67,68,2026-05-05
1051,211,68,72,55,63,75,2026-01-12
1052,211,62,74,58,68,69,2026-02-10
1053,211,65,95,59,58,89,2026-03-08
1054,211,53,56,76,68,51,2026-04-07
1055,211,40,53,94,77,78,2026-05-02
1056,212,57,79,43,55,52,2026-01-13
1057,212,25,63,60,92,61,2026-02-10
1058,212,55,53,48,66,69,2026-03-10
1059,212,57,70,47,69,82,2026-04-07
1060,212,66,55,52,65,57,2026-05-04
1061,213,44,65,59,50,64,2026-01-12
1062,213,54,74,45,51,57,2026-02-08
1063,213,51,80,57,35,66,2026-03-08
1064,213,69,50,66,37,67,2026-04-05
1065,213,45,26,56,51,73,2026-05-05
1066,214,57,71,54,64,66,2026-01-11
1067,214,69,66,80,75,65,2026-02-09
1068,214,56,57,42,63,87,2026-03-08
1069,214,57,58,52,78,97,2026-04-04
1070,214,44,79,39,58,81,2026-05-03
1071,215,56,82,53,51,53,2026-01-12
1072,215,63,88,75,58,72,2026-02-10
1073,215,71,59,62,66,58,2026-03-08
1074,215,56,43,59,57,61,2026-04-05
1075,215,84,61,71,63,67,2026-05-04
1076,216,48,58,56,71,79,2026-01-12
1077,216,63,72,61,69,47,2026-02-09
1078,216,48,62,32,32,50,2026-03-08
1079,216,62,61,42,59,67,2026-04-06
1080,216,49,66,51,38,57,2026-05-03
1081,217,66,59,63,55,78,2026-01-11
1082,217,35,48,25,49,55,2026-02-09
1083,217,58,36,48,71,49,2026-03-07
1084,217,49,44,58,40,56,2026-04-06
1085,217,28,67,44,25,53,2026-05-03
1086,218,47,69,56,84,55,2026-01-10
1087,218,45,63,61,63,80,2026-02-09
1088,218,67,47,56,84,52,2026-03-08
1089,218,75,70,66,54,64,2026-04-07
1090,218,71,56,78,55,54,2026-05-05
1091,219,60,59,57,47,71,2026-01-12
1092,219,71,58,43,65,61,2026-02-07
1093,219,59,58,66,62,63,2026-03-09
1094,219,39,65,45,26,43,2026-04-06
1095,219,78,51,41,66,56,2026-05-03
1096,220,45,71,46,58,85,2026-01-11
1097,220,41,25,47,53,62,2026-02-08
1098,220,34,43,45,54,59,2026-03-09
1099,220,50,47,35,64,56,2026-04-05
1100,220,27,47,83,38,49,2026-05-05
1101,221,39,64,75,52,91,2026-01-11
1102,221,68,71,72,45,72,2026-02-10
1103,221,56,68,85,46,58,2026-03-08
1104,221,49,58,56,54,50,2026-04-06
1105,221,54,60,41,68,71,2026-05-03
1106,222,69,67,47,62,76,2026-01-10
1107,222,44,49,43,78,81,2026-02-07
1108,222,51,77,83,60,60,2026-03-08
1109,222,42,66,61,58,62,2026-04-05
1110,222,48,45,56,51,44,2026-05-05
1111,223,64,75,62,75,82,2026-01-12
1112,223,54,88,70,76,54,2026-02-09
1113,223,58,59,66,70,78,2026-03-07
1114,223,76,71,66,58,66,2026-04-05
1115,223,62,56,78,49,53,2026-05-02
1116,224,56,60,59,70,58,2026-01-10
1117,224,50,41,63,52,52,2026-02-10
1118,224,64,36,52,57,52,2026-03-10
1119,224,54,59,50,52,45,2026-04-05
1120,224,48,52,54,68,60,2026-05-03
1121,225,61,54,61,43,64,2026-01-10
1122,225,75,50,66,60,71,2026-02-08
1123,225,58,64,65,70,79,2026-03-08
1124,225,73,61,56,60,37,2026-04-07
1125,225,53,64,49,43,64,2026-05-05
1126,226,91,71,63,80,67,2026-01-10
1127,226,50,74,50,76,67,2026-02-10
1128,226,91,74,61,67,77,2026-03-08
1129,226,69,49,91,75,77,2026-04-04
1130,226,78,78,82,43,70,2026-05-04
1131,227,43,48,60,52,85,2026-01-10
1132,227,64,64,49,57,79,2026-02-08
1133,227,69,73,77,66,55,2026-03-10
1134,227,65,61,51,66,84,2026-04-06
1135,227,59,63,76,47,80,2026-05-03
1136,228,72,72,64,64,73,2026-01-11
1137,228,64,64,73,69,56,2026-02-07
1138,228,58,54,77,69,70,2026-03-07
1139,228,56,55,69,56,63,2026-04-04
1140,228,57,56,74,54,72,2026-05-05
1141,229,53,57,49,76,64,2026-01-11
1142,229,66,55,45,67,36,2026-02-09
1143,229,36,57,57,58,38,2026-03-07
1144,229,35,74,41,45,40,2026-04-06
1145,229,53,50,43,37,80,2026-05-05
1146,230,57,45,46,81,52,2026-01-13
1147,230,67,46,65,73,73,2026-02-08
1148,230,54,56,38,50,50,2026-03-10
1149,230,71,41,39,51,34,2026-04-05
1150,230,54,63,51,58,55,2026-05-05
1151,231,77,55,28,56,60,2026-01-12
1152,231,66,31,38,48,59,2026-02-09
1153,231,45,55,63,53,53,2026-03-09
1154,231,48,72,75,56,46,2026-04-06
1155,231,30,48,34,52,33,2026-05-03
1156,232,37,74,82,51,47,2026-01-12
1157,232,45,55,35,66,52,2026-02-07
1158,232,48,61,41,57,53,2026-03-08
1159,232,42,66,28,75,61,2026-04-04
1160,232,58,37,29,67,59,2026-05-02
1161,233,77,56,82,86,71,2026-01-10
1162,233,65,79,66,60,78,2026-02-07
1163,233,56,56,56,74,71,2026-03-08
1164,233,59,69,76,71,86,2026-04-07
1165,233,76,76,80,59,72,2026-05-02
1166,234,56,66,62,73,60,2026-01-10
1167,234,57,67,52,67,64,2026-02-10
1168,234,67,53,94,91,79,2026-03-07
1169,234,60,59,54,76,77,2026-04-06
1170,234,43,53,69,44,60,2026-05-04
1171,235,77,81,89,92,83,2026-01-12
1172,235,48,69,76,65,65,2026-02-08
1173,235,97,76,73,67,85,2026-03-08
1174,235,93,70,60,73,62,2026-04-07
1175,235,79,74,46,100,62,2026-05-02
1176,236,60,84,70,56,76,2026-01-10
1177,236,71,62,91,57,86,2026-02-08
1178,236,79,85,72,67,82,2026-03-09
1179,236,49,76,84,71,100,2026-04-06
1180,236,64,75,75,68,78,2026-05-03
1181,237,57,71,52,61,77,2026-01-10
1182,237,77,56,40,28,68,2026-02-08
1183,237,45,37,60,67,57,2026-03-08
1184,237,63,51,32,44,50,2026-04-04
1185,237,47,65,38,42,56,2026-05-02
1186,238,45,74,34,72,41,2026-01-12
1187,238,49,68,61,50,62,2026-02-07
1188,238,87,39,67,78,53,2026-03-09
1189,238,59,40,60,75,53,2026-04-05
1190,238,68,66,45,58,58,2026-05-04
1191,239,56,58,52,71,60,2026-01-12
1192,239,65,58,48,68,50,2026-02-07
1193,239,64,70,89,59,91,2026-03-08
1194,239,63,42,51,70,56,2026-04-05
1195,239,65,55,66,69,61,2026-05-02
1196,240,66,62,59,46,79,2026-01-13
1197,240,68,55,55,62,62,2026-02-07
1198,240,51,52,82,67,62,2026-03-08
1199,240,64,59,75,60,48,2026-04-07
1200,240,86,80,58,64,67,2026-05-02
1201,241,55,43,74,65,45,2026-01-12
1202,241,79,56,65,49,72,2026-02-09
1203,241,50,61,49,69,71,2026-03-08
1204,241,79,84,63,53,77,2026-04-04
1205,241,59,66,79,64,68,2026-05-03
1206,242,58,40,42,93,67,2026-01-12
1207,242,84,48,51,64,53,2026-02-07
1208,242,56,54,68,34,58,2026-03-07
1209,242,73,68,46,59,55,2026-04-05
1210,242,67,54,42,60,50,2026-05-05
1211,243,38,67,49,48,66,2026-01-13
1212,243,30,41,44,53,56,2026-02-07
1213,243,45,72,61,66,59,2026-03-08
1214,243,49,48,38,80,71,2026-04-05
1215,243,43,51,40,32,60,2026-05-04
1216,244,66,68,52,36,63,2026-01-11
1217,244,77,49,52,46,33,2026-02-09
1218,244,56,59,48,51,54,2026-03-09
1219,244,56,52,43,63,51,2026-04-06
1220,244,71,34,67,62,57,2026-05-04
1221,245,76,46,55,67,62,2026-01-10
1222,245,48,69,55,64,83,2026-02-08
1223,245,55,62,45,73,56,2026-03-09
1224,245,57,49,57,67,53,2026-04-06
1225,245,49,53,73,33,55,2026-05-05
1226,246,74,69,67,47,61,2026-01-10
1227,246,37,56,59,54,46,2026-02-07
1228,246,60,69,78,81,67,2026-03-10
1229,246,60,47,70,33,86,2026-04-04
1230,246,58,79,47,81,61,2026-05-03
1231,247,47,79,78,59,57,2026-01-12
1232,247,53,83,63,59,46,2026-02-07
1233,247,59,47,71,51,73,2026-03-07
1234,247,63,64,82,58,67,2026-04-05
1235,247,80,66,66,64,75,2026-05-03
1236,248,61,47,73,67,67,2026-01-11
1237,248,42,61,42,71,68,2026-02-07
1238,248,66,75,60,44,59,2026-03-10
1239,248,48,54,67,64,64,2026-04-05
1240,248,36,56,69,25,63,2026-05-04
1241,249,66,70,62,65,65,2026-01-11
1242,249,67,79,58,67,61,2026-02-09
1243,249,54,57,84,62,52,2026-03-07
1244,249,67,70,56,65,29,2026-04-05
1245,249,78,39,45,56,67,2026-05-05
1246,250,73,72,40,62,79,2026-01-11
1247,250,96,62,67,67,72,2026-02-09
1248,250,86,39,76,91,86,2026-03-07
1249,250,60,57,55,61,61,2026-04-04
1250,250,78,85,75,67,55,2026-05-04
1251,251,48,29,32,47,41,2026-01-10
1252,251,53,71,37,64,49,2026-02-08
1253,251,68,69,56,52,39,2026-03-07
1254,251,46,54,52,73,52,2026-04-05
1255,251,25,66,44,32,61,2026-05-02
1256,252,55,57,51,41,76,2026-01-12
1257,252,55,49,66,58,60,2026-02-08
1258,252,64,65,51,44,72,2026-03-07
1259,252,55,34,29,66,54,2026-04-05
1260,252,76,64,77,56,93,2026-05-02
1261,253,56,57,66,58,59,2026-01-12
1262,253,71,95,47,52,72,2026-02-09
1263,253,59,38,74,54,53,2026-03-10
1264,253,58,51,70,63,65,2026-04-06
1265,253,86,70,58,69,89,2026-05-05
1266,254,78,55,76,75,57,2026-01-10
1267,254,69,71,39,54,69,2026-02-09
1268,254,63,59,66,74,50,2026-03-09
1269,254,71,48,62,68,61,2026-04-07
1270,254,52,59,57,75,48,2026-05-02
1271,255,63,77,76,62,62,2026-01-12
1272,255,78,82,61,73,67,2026-02-09
1273,255,74,71,34,62,47,2026-03-09
1274,255,67,50,92,65,78,2026-04-05
1275,255,30,73,50,78,72,2026-05-03
1276,256,76,64,58,94,69,2026-01-12
1277,256,79,97,78,94,92,2026-02-09
1278,256,66,65,60,91,51,2026-03-07
1279,256,61,81,75,83,76,2026-04-04
1280,256,67,83,61,77,80,2026-05-05
1281,257,54,62,67,50,55,2026-01-10
1282,257,64,71,53,71,55,2026-02-08
1283,257,66,57,48,42,65,2026-03-08
1284,257,58,51,66,42,68,2026-04-05
1285,257,59,40,86,58,64,2026-05-02
1286,258,80,70,73,66,53,2026-01-11
1287,258,65,53,63,81,72,2026-02-09
1288,258,59,61,69,26,65,2026-03-10
1289,258,70,54,42,63,62,2026-04-07
1290,258,40,66,64,77,77,2026-05-03
1291,259,75,62,53,65,74,2026-01-11
1292,259,74,69,92,67,77,2026-02-09
1293,259,61,51,46,56,78,2026-03-07
1294,259,87,75,86,61,72,2026-04-07
1295,259,73,53,77,72,74,2026-05-03
1296,260,72,91,64,85,88,2026-01-12
1297,260,78,87,62,65,64,2026-02-08
1298,260,78,57,70,83,65,2026-03-09
1299,260,79,63,62,74,66,2026-04-04
1300,260,66,49,62,79,46,2026-05-04
1301,261,82,55,79,71,53,2026-01-11
1302,261,91,48,67,94,75,2026-02-08
1303,261,66,76,73,69,52,2026-03-08
1304,261,70,52,35,59,54,2026-04-04
1305,261,67,79,60,70,69,2026-05-03
1306,262,58,49,56,62,49,2026-01-11
1307,262,36,52,37,65,52,2026-02-10
1308,262,75,52,68,60,54,2026-03-10
1309,262,25,70,66,60,55,2026-04-07
1310,262,44,39,49,81,71,2026-05-02
1311,263,60,66,63,58,67,2026-01-13
1312,263,68,53,96,78,62,2026-02-10
1313,263,59,72,57,74,66,2026-03-09
1314,263,50,53,52,78,41,2026-04-06
1315,263,63,77,62,83,66,2026-05-04
1316,264,55,55,48,35,40,2026-01-13
1317,264,53,57,57,61,43,2026-02-08
1318,264,54,39,38,40,58,2026-03-09
1319,264,63,56,49,57,56,2026-04-04
1320,264,45,52,47,71,42,2026-05-04
1321,265,51,69,39,51,68,2026-01-13
1322,265,58,63,74,61,69,2026-02-09
1323,265,61,47,57,50,61,2026-03-09
1324,265,51,53,60,48,79,2026-04-07
1325,265,63,54,44,50,71,2026-05-05
1326,266,51,67,57,63,70,2026-01-13
1327,266,69,32,63,73,58,2026-02-08
1328,266,62,61,69,61,63,2026-03-09
1329,266,61,81,55,72,82,2026-04-07
1330,266,70,61,58,61,47,2026-05-05
1331,267,63,58,61,65,62,2026-01-12
1332,267,49,59,65,65,68,2026-02-09
1333,267,51,60,50,82,75,2026-03-07
1334,267,47,59,32,61,69,2026-04-06
1335,267,72,68,32,54,59,2026-05-03
1336,268,61,67,73,62,83,2026-01-10
1337,268,53,75,68,64,77,2026-02-08
1338,268,74,67,84,81,51,2026-03-10
1339,268,89,54,62,51,62,2026-04-04
1340,268,85,52,55,81,81,2026-05-04
1341,269,59,68,46,65,50,2026-01-12
1342,269,66,64,49,47,39,2026-02-09
1343,269,50,76,41,63,75,2026-03-09
1344,269,55,49,52,78,71,2026-04-05
1345,269,44,55,42,65,54,2026-05-03
1346,270,73,67,57,69,71,2026-01-13
1347,270,88,73,50,51,61,2026-02-09
1348,270,64,78,68,69,75,2026-03-09
1349,270,72,45,55,68,90,2026-04-07
1350,270,65,65,72,77,71,2026-05-04
1351,271,65,58,68,62,70,2026-01-11
1352,271,53,76,77,59,65,2026-02-07
1353,271,54,67,32,88,76,2026-03-07
1354,271,72,47,71,73,41,2026-04-07
1355,271,68,41,65,57,51,2026-05-04
1356,272,41,52,52,48,78,2026-01-11
1357,272,49,72,70,72,62,2026-02-08
1358,272,48,43,40,53,55,2026-03-09
1359,272,40,63,59,59,48,2026-04-07
1360,272,52,68,54,51,82,2026-05-05
1361,273,63,68,57,53,54,2026-01-10
1362,273,71,72,38,89,40,2026-02-10
1363,273,71,78,68,79,80,2026-03-10
1364,273,83,65,83,74,86,2026-04-05
1365,273,67,65,70,60,73,2026-05-03
1366,274,32,25,65,56,56,2026-01-13
1367,274,27,32,59,33,40,2026-02-08
1368,274,43,32,48,64,55,2026-03-10
1369,274,50,42,46,47,42,2026-04-05
1370,274,67,52,33,56,63,2026-05-05
1371,275,48,70,51,34,38,2026-01-11
1372,275,63,25,28,48,49,2026-02-08
1373,275,62,44,36,49,55,2026-03-07
1374,275,88,64,62,42,55,2026-04-05
1375,275,61,51,55,41,49,2026-05-05
1376,276,75,66,53,34,77,2026-01-13
1377,276,58,71,58,59,59,2026-02-10
1378,276,60,74,46,52,76,2026-03-08
1379,276,61,80,42,88,77,2026-04-05
1380,276,81,59,59,64,52,2026-05-04
1381,277,80,44,65,64,83,2026-01-11
1382,277,59,48,54,48,48,2026-02-09
1383,277,72,60,46,69,60,2026-03-10
1384,277,67,46,64,36,53,2026-04-06
1385,277,70,52,49,72,83,2026-05-03
1386,278,86,65,65,83,63,2026-01-11
1387,278,62,78,47,64,58,2026-02-10
1388,278,56,76,51,62,80,2026-03-09
1389,278,61,73,56,41,65,2026-04-05
1390,278,52,82,55,57,58,2026-05-03
1391,279,53,46,55,82,73,2026-01-12
1392,279,73,76,74,75,76,2026-02-09
1393,279,54,57,65,59,60,2026-03-09
1394,279,77,61,43,53,87,2026-04-06
1395,279,76,74,57,84,53,2026-05-02
1396,280,80,73,70,64,68,2026-01-10
1397,280,84,66,88,60,65,2026-02-08
1398,280,74,61,80,67,59,2026-03-10
1399,280,50,79,66,60,80,2026-04-07
1400,280,79,67,60,52,75,2026-05-02
1401,281,45,46,59,78,73,2026-01-13
1402,281,46,72,56,65,74,2026-02-10
1403,281,60,57,66,78,57,2026-03-09
1404,281,46,41,71,56,82,2026-04-06
1405,281,73,80,49,76,74,2026-05-04
1406,282,67,74,69,44,43,2026-01-10
1407,282,51,60,27,70,70,2026-02-08
1408,282,51,60,52,46,64,2026-03-09
1409,282,59,62,45,60,70,2026-04-04
1410,282,65,87,72,58,58,2026-05-03
1411,283,64,66,49,63,71,2026-01-10
1412,283,87,66,65,64,49,2026-02-07
1413,283,87,63,63,60,83,2026-03-08
1414,283,76,56,52,64,61,2026-04-07
1415,283,76,38,58,68,71,2026-05-04
1416,284,75,52,61,64,63,2026-01-10
1417,284,62,65,44,53,41,2026-02-10
1418,284,82,43,42,48,57,2026-03-10
1419,284,66,68,43,42,54,2026-04-06
1420,284,66,79,61,53,70,2026-05-03
1421,285,74,61,70,74,68,2026-01-10
1422,285,65,79,67,72,82,2026-02-09
1423,285,74,66,59,80,68,2026-03-08
1424,285,81,49,65,83,61,2026-04-06
1425,285,57,75,72,83,67,2026-05-05
1426,286,66,74,50,79,83,2026-01-12
1427,286,96,73,89,67,72,2026-02-09
1428,286,45,80,63,56,72,2026-03-07
1429,286,75,62,46,81,68,2026-04-07
1430,286,57,72,64,77,66,2026-05-02
1431,287,61,63,80,71,46,2026-01-11
1432,287,52,69,66,78,69,2026-02-09
1433,287,52,58,67,43,65,2026-03-09
1434,287,49,47,59,72,74,2026-04-05
1435,287,65,74,61,51,73,2026-05-05
1436,288,47,78,68,66,81,2026-01-11
1437,288,70,75,52,75,70,2026-02-07
1438,288,58,67,56,74,75,2026-03-07
1439,288,54,77,72,69,84,2026-04-04
1440,288,57,70,75,58,59,2026-05-02
1441,289,69,48,73,51,61,2026-01-11
1442,289,62,57,39,43,53,2026-02-09
1443,289,45,63,60,58,56,2026-03-10
1444,289,77,70,67,53,69,2026-04-05
1445,289,82,46,49,84,58,2026-05-02
1446,290,69,62,69,54,77,2026-01-11
1447,290,62,76,60,73,79,2026-02-07
1448,290,80,67,76,64,49,2026-03-09
1449,290,48,61,74,72,54,2026-04-06
1450,290,65,51,66,69,63,2026-05-05
1451,291,63,56,39,53,34,2026-01-12
1452,291,74,66,53,49,60,2026-02-08
1453,291,58,88,54,61,64,2026-03-08
1454,291,57,44,61,58,63,2026-04-07
1455,291,60,38,57,59,39,2026-05-05
1456,292,56,76,70,44,75,2026-01-10
1457,292,56,56,78,60,49,2026-02-08
1458,292,71,93,61,55,64,2026-03-09
1459,292,73,66,55,51,59,2026-04-04
1460,292,49,52,55,55,50,2026-05-05
1461,293,67,67,67,69,66,2026-01-11
1462,293,70,60,89,63,68,2026-02-09
1463,293,53,58,58,50,77,2026-03-07
1464,293,75,51,48,77,62,2026-04-05
1465,293,81,57,41,72,62,2026-05-04
1466,294,65,58,53,77,57,2026-01-12
1467,294,71,62,61,28,51,2026-02-07
1468,294,78,68,61,54,69,2026-03-10
1469,294,42,54,72,61,66,2026-04-04
1470,294,54,60,58,63,61,2026-05-05
1471,295,83,57,59,67,91,2026-01-12
1472,295,42,40,80,61,71,2026-02-10
1473,295,57,62,51,63,62,2026-03-08
1474,295,59,69,44,66,69,2026-04-06
1475,295,92,54,66,54,79,2026-05-05
1476,296,53,58,48,47,46,2026-01-13
1477,296,85,60,54,73,65,2026-02-09
1478,296,63,74,63,65,62,2026-03-09
1479,296,68,43,43,68,73,2026-04-06
1480,296,54,54,52,52,57,2026-05-04
1481,297,69,54,54,80,82,2026-01-11
1482,297,52,52,63,82,70,2026-02-08
1483,297,79,42,80,79,75,2026-03-07
1484,297,82,67,60,55,90,2026-04-04
1485,297,65,54,56,53,74,2026-05-05
1486,298,63,46,48,69,67,2026-01-10
1487,298,75,52,74,72,70,2026-02-08
1488,298,45,69,57,58,57,2026-03-07
1489,298,62,68,85,79,61,2026-04-07
1490,298,65,79,57,68,55,2026-05-02
1491,299,41,72,88,71,83,2026-01-10
1492,299,71,48,74,47,71,2026-02-08
1493,299,67,63,71,61,77,2026-03-10
1494,299,53,57,53,72,69,2026-04-04
1495,299,74,64,54,63,79,2026-05-03
1496,300,59,78,53,52,80,2026-01-13
1497,300,72,69,89,60,98,2026-02-09
1498,300,71,98,81,77,69,2026-03-08
1499,300,85,58,82,60,96,2026-04-04
1500,300,70,62,75,66,80,2026-05-05
1501,301,83,60,60,86,60,2026-01-12
1502,301,66,66,36,46,71,2026-02-07
1503,301,71,47,51,70,63,2026-03-10
1504,301,31,66,35,64,58,2026-04-04
1505,301,73,64,70,50,63,2026-05-05
1506,302,60,50,25,37,55,2026-01-12
1507,302,54,52,58,51,45,2026-02-07
1508,302,58,27,47,36,51,2026-03-10
1509,302,54,38,35,52,44,2026-04-04
1510,302,54,49,38,76,46,2026-05-03
1511,303,41,58,27,66,54,2026-01-12
1512,303,59,50,26,55,61,2026-02-08
1513,303,48,65,36,64,32,2026-03-08
1514,303,53,64,60,56,67,2026-04-07
1515,303,64,65,45,51,49,2026-05-03
1516,304,76,72,63,58,47,2026-01-12
1517,304,34,43,58,84,72,2026-02-10
1518,304,45,63,70,50,58,2026-03-08
1519,304,50,42,64,62,47,2026-04-07
1520,304,47,62,49,64,59,2026-05-02
1521,305,67,85,68,69,100,2026-01-13
1522,305,67,63,81,45,64,2026-02-09
1523,305,80,51,77,56,58,2026-03-10
1524,305,38,72,82,76,61,2026-04-06
1525,305,73,75,91,58,75,2026-05-02
1526,306,73,79,68,72,69,2026-01-13
1527,306,49,25,48,54,65,2026-02-08
1528,306,76,61,66,52,65,2026-03-09
1529,306,45,52,56,79,56,2026-04-07
1530,306,57,40,63,61,54,2026-05-05
1531,307,42,54,70,86,76,2026-01-10
1532,307,60,39,56,74,61,2026-02-07
1533,307,79,91,71,71,52,2026-03-08
1534,307,92,62,81,76,61,2026-04-04
1535,307,51,50,70,59,85,2026-05-04
1536,308,47,35,69,67,70,2026-01-10
1537,308,56,66,50,38,57,2026-02-09
1538,308,59,61,56,66,78,2026-03-10
1539,308,41,41,35,35,48,2026-04-05
1540,308,51,40,61,60,47,2026-05-03
1541,309,38,71,61,53,74,2026-01-13
1542,309,64,53,57,60,66,2026-02-08
1543,309,52,64,53,49,62,2026-03-08
1544,309,83,53,46,56,49,2026-04-07
1545,309,45,56,51,41,55,2026-05-03
1546,310,25,33,57,68,46,2026-01-13
1547,310,74,62,39,70,54,2026-02-10
1548,310,82,52,40,62,56,2026-03-09
1549,310,45,60,46,56,54,2026-04-07
1550,310,62,52,43,63,73,2026-05-04
1551,311,79,86,65,35,61,2026-01-10
1552,311,62,86,79,72,66,2026-02-09
1553,311,49,57,69,55,64,2026-03-07
1554,311,69,60,71,67,67,2026-04-06
1555,311,63,60,58,72,80,2026-05-02
1556,312,77,71,44,62,62,2026-01-10
1557,312,50,67,40,60,60,2026-02-07
1558,312,73,46,51,58,69,2026-03-09
1559,312,54,50,72,71,55,2026-04-05
1560,312,27,54,45,75,78,2026-05-04
1561,313,51,44,79,43,64,2026-01-13
1562,313,48,48,49,62,45,2026-02-09
1563,313,56,49,44,42,56,2026-03-07
1564,313,51,59,62,53,50,2026-04-05
1565,313,60,36,42,45,49,2026-05-04
1566,314,64,62,54,51,72,2026-01-12
1567,314,59,53,59,83,63,2026-02-10
1568,314,50,58,72,47,60,2026-03-07
1569,314,55,56,56,51,78,2026-04-04
1570,314,52,77,58,62,38,2026-05-04
1571,315,61,51,30,68,46,2026-01-12
1572,315,38,63,31,60,67,2026-02-07
1573,315,53,40,43,40,52,2026-03-07
1574,315,66,48,55,58,75,2026-04-07
1575,315,68,59,64,55,69,2026-05-03
1576,316,56,74,43,56,51,2026-01-13
1577,316,62,72,49,61,52,2026-02-10
1578,316,80,51,46,63,44,2026-03-10
1579,316,53,56,59,42,57,2026-04-05
1580,316,47,57,56,61,40,2026-05-05
1581,317,56,38,71,55,48,2026-01-11
1582,317,60,75,61,41,70,2026-02-08
1583,317,52,50,51,38,68,2026-03-08
1584,317,50,45,68,72,59,2026-04-04
1585,317,62,39,54,71,62,2026-05-02
1586,318,88,51,38,66,63,2026-01-12
1587,318,45,40,55,58,76,2026-02-07
1588,318,71,67,64,63,67,2026-03-09
1589,318,87,68,42,67,51,2026-04-07
1590,318,68,77,83,70,53,2026-05-03
1591,319,68,67,44,47,69,2026-01-10
1592,319,60,62,51,57,56,2026-02-10
1593,319,52,57,65,57,58,2026-03-08
1594,319,65,48,70,55,60,2026-04-07
1595,319,69,75,43,46,49,2026-05-03
1596,320,53,61,25,35,43,2026-01-12
1597,320,55,44,61,64,42,2026-02-07
1598,320,55,51,30,52,37,2026-03-10
1599,320,54,43,57,61,54,2026-04-05
1600,320,62,76,45,63,57,2026-05-05
1601,321,50,51,79,49,56,2026-01-13
1602,321,29,68,79,43,69,2026-02-08
1603,321,57,62,57,71,69,2026-03-10
1604,321,49,48,48,49,71,2026-04-07
1605,321,27,50,59,65,73,2026-05-03
1606,322,60,80,63,93,76,2026-01-11
1607,322,68,40,57,39,61,2026-02-10
1608,322,45,70,63,72,81,2026-03-08
1609,322,74,64,65,49,60,2026-04-07
1610,322,58,67,67,45,59,2026-05-03
1611,323,48,55,95,45,63,2026-01-10
1612,323,65,61,50,59,63,2026-02-07
1613,323,72,62,50,85,69,2026-03-10
1614,323,82,52,52,70,72,2026-04-06
1615,323,60,60,59,68,70,2026-05-05
1616,324,66,53,53,56,68,2026-01-10
1617,324,64,45,53,63,77,2026-02-09
1618,324,40,48,44,59,48,2026-03-09
1619,324,82,28,49,28,61,2026-04-04
1620,324,57,59,52,67,48,2026-05-04
1621,325,41,74,49,40,51,2026-01-10
1622,325,46,56,51,29,40,2026-02-10
1623,325,60,49,57,59,64,2026-03-09
1624,325,73,49,52,27,59,2026-04-04
1625,325,41,36,53,57,68,2026-05-05
1626,326,63,46,36,40,59,2026-01-13
1627,326,35,38,27,44,38,2026-02-07
1628,326,44,62,47,26,45,2026-03-10
1629,326,59,54,43,56,35,2026-04-05
1630,326,40,49,60,88,56,2026-05-04
1631,327,65,81,52,62,45,2026-01-10
1632,327,66,79,43,64,50,2026-02-07
1633,327,48,56,66,63,61,2026-03-09
1634,327,75,60,62,57,51,2026-04-07
1635,327,73,31,69,49,68,2026-05-04
1636,328,52,55,74,59,63,2026-01-10
1637,328,61,34,56,38,71,2026-02-10
1638,328,57,63,63,43,39,2026-03-07
1639,328,51,37,51,56,80,2026-04-06
1640,328,59,70,43,69,51,2026-05-05
1641,329,57,26,64,52,42,2026-01-12
1642,329,56,53,64,77,47,2026-02-07
1643,329,64,64,66,67,58,2026-03-10
1644,329,49,63,35,51,67,2026-04-05
1645,329,57,33,60,64,59,2026-05-05
1646,330,50,33,56,52,59,2026-01-11
1647,330,40,51,54,63,47,2026-02-07
1648,330,44,74,49,72,73,2026-03-09
1649,330,54,44,46,46,64,2026-04-04
1650,330,46,49,55,68,47,2026-05-03
1651,331,51,52,48,25,58,2026-01-13
1652,331,44,47,41,60,58,2026-02-09
1653,331,57,73,48,47,53,2026-03-08
1654,331,59,50,29,41,40,2026-04-05
1655,331,25,57,43,25,61,2026-05-04
1656,332,75,71,65,50,62,2026-01-10
1657,332,55,50,58,64,75,2026-02-09
1658,332,39,69,71,46,68,2026-03-09
1659,332,71,54,69,27,70,2026-04-05
1660,332,78,50,62,42,70,2026-05-03
1661,333,52,51,49,63,60,2026-01-13
1662,333,40,57,44,50,55,2026-02-09
1663,333,57,57,32,60,42,2026-03-09
1664,333,53,54,44,50,51,2026-04-06
1665,333,70,39,44,67,53,2026-05-04
1666,334,65,66,42,55,63,2026-01-11
1667,334,71,66,74,82,73,2026-02-07
1668,334,75,74,74,76,65,2026-03-08
1669,334,59,64,68,73,72,2026-04-06
1670,334,31,80,38,66,91,2026-05-03
1671,335,60,34,61,42,43,2026-01-13
1672,335,58,39,28,52,59,2026-02-10
1673,335,47,51,58,46,44,2026-03-08
1674,335,74,52,42,68,46,2026-04-06
1675,335,62,73,82,69,52,2026-05-05
1676,336,52,63,38,60,51,2026-01-13
1677,336,39,67,71,66,52,2026-02-10
1678,336,50,36,52,58,38,2026-03-07
1679,336,34,53,56,69,63,2026-04-06
1680,336,53,56,62,25,47,2026-05-05
1681,337,60,25,59,50,55,2026-01-11
1682,337,40,35,44,49,38,2026-02-09
1683,337,66,46,48,63,40,2026-03-08
1684,337,35,57,52,53,62,2026-04-07
1685,337,63,45,56,71,51,2026-05-04
1686,338,66,31,40,71,59,2026-01-12
1687,338,45,37,53,25,40,2026-02-07
1688,338,41,29,34,53,45,2026-03-09
1689,338,45,40,33,51,75,2026-04-04
1690,338,63,50,58,54,40,2026-05-04
1691,339,63,67,81,72,67,2026-01-12
1692,339,82,62,81,100,94,2026-02-09
1693,339,55,83,44,100,58,2026-03-07
1694,339,73,83,50,63,60,2026-04-06
1695,339,71,82,66,72,96,2026-05-05
1696,340,45,41,31,65,37,2026-01-13
1697,340,41,41,37,41,49,2026-02-10
1698,340,61,73,52,55,56,2026-03-08
1699,340,44,47,47,53,40,2026-04-05
1700,340,49,57,43,45,58,2026-05-05
1701,341,43,38,34,41,71,2026-01-11
1702,341,45,27,41,67,51,2026-02-07
1703,341,43,47,65,50,67,2026-03-10
1704,341,60,43,50,56,85,2026-04-05
1705,341,42,39,48,52,40,2026-05-05
1706,342,71,60,79,72,75,2026-01-11
1707,342,60,73,43,80,60,2026-02-08
1708,342,61,65,53,59,81,2026-03-08
1709,342,61,80,51,52,91,2026-04-04
1710,342,64,56,64,80,49,2026-05-02
1711,343,81,62,94,77,78,2026-01-10
1712,343,55,69,82,90,74,2026-02-09
1713,343,92,59,70,77,78,2026-03-10
1714,343,80,57,63,53,59,2026-04-05
1715,343,78,79,64,61,48,2026-05-05
1716,344,56,67,78,80,76,2026-01-12
1717,344,71,67,58,92,56,2026-02-08
1718,344,81,70,74,67,41,2026-03-09
1719,344,55,69,80,79,95,2026-04-07
1720,344,75,68,56,53,87,2026-05-04
1721,345,75,56,54,66,70,2026-01-11
1722,345,67,88,64,86,90,2026-02-08
1723,345,55,73,43,80,89,2026-03-10
1724,345,68,75,39,79,84,2026-04-05
1725,345,97,72,84,68,62,2026-05-04
1726,346,74,44,69,66,64,2026-01-13
1727,346,57,47,70,38,73,2026-02-08
1728,346,70,49,61,62,75,2026-03-07
1729,346,45,69,52,46,55,2026-04-07
1730,346,63,64,55,76,65,2026-05-03
1731,347,82,73,66,80,67,2026-01-12
1732,347,69,70,85,62,86,2026-02-08
1733,347,83,81,60,74,99,2026-03-08
1734,347,84,60,70,71,71,2026-04-04
1735,347,63,56,86,86,85,2026-05-03
1736,348,52,56,49,49,50,2026-01-10
1737,348,56,49,64,62,50,2026-02-07
1738,348,51,42,32,66,37,2026-03-10
1739,348,42,57,43,54,57,2026-04-05
1740,348,66,35,25,50,60,2026-05-04
1741,349,43,62,66,62,77,2026-01-11
1742,349,70,64,42,63,49,2026-02-10
1743,349,68,43,65,58,77,2026-03-09
1744,349,50,54,47,59,65,2026-04-04
1745,349,64,65,66,75,68,2026-05-03
1746,350,43,49,67,47,47,2026-01-12
1747,350,45,48,56,62,46,2026-02-08
1748,350,60,47,42,39,44,2026-03-10
1749,350,49,63,49,62,33,2026-04-07
1750,350,59,64,46,56,69,2026-05-03
1751,351,62,31,62,36,44,2026-01-11
1752,351,54,30,42,50,31,2026-02-08
1753,351,53,57,56,44,46,2026-03-09
1754,351,52,47,31,47,80,2026-04-07
1755,351,44,65,38,57,46,2026-05-05
1756,352,88,57,74,86,84,2026-01-11
1757,352,82,78,56,77,75,2026-02-08
1758,352,51,57,59,62,72,2026-03-07
1759,352,72,75,74,56,69,2026-04-05
1760,352,75,54,82,80,92,2026-05-04
1761,353,71,59,64,53,48,2026-01-11
1762,353,44,71,60,56,47,2026-02-10
1763,353,55,58,64,74,43,2026-03-09
1764,353,66,58,65,41,68,2026-04-06
1765,353,54,53,64,47,68,2026-05-03
1766,354,35,52,46,62,47,2026-01-10
1767,354,55,32,52,65,65,2026-02-07
1768,354,41,44,53,30,53,2026-03-07
1769,354,53,51,44,50,39,2026-04-06
1770,354,39,57,38,52,44,2026-05-05
1771,355,63,66,82,53,82,2026-01-13
1772,355,52,51,56,79,86,2026-02-07
1773,355,74,70,74,66,58,2026-03-09
1774,355,64,61,80,73,57,2026-04-07
1775,355,70,25,57,60,71,2026-05-05
1776,356,68,43,68,80,73,2026-01-11
1777,356,68,65,62,65,44,2026-02-09
1778,356,69,36,59,58,71,2026-03-10
1779,356,48,75,36,75,51,2026-04-04
1780,356,77,42,70,57,71,2026-05-04
1781,357,50,81,46,52,56,2026-01-12
1782,357,58,62,50,60,49,2026-02-10
1783,357,43,63,35,53,54,2026-03-07
1784,357,56,67,38,59,61,2026-04-04
1785,357,65,56,40,54,59,2026-05-03
1786,358,60,56,77,65,52,2026-01-12
1787,358,47,78,62,71,59,2026-02-09
1788,358,46,56,57,62,70,2026-03-07
1789,358,64,58,56,64,61,2026-04-04
1790,358,43,44,60,56,47,2026-05-02
1791,359,35,33,28,66,36,2026-01-11
1792,359,27,47,42,50,72,2026-02-08
1793,359,53,33,54,37,58,2026-03-09
1794,359,29,52,35,42,40,2026-04-06
1795,359,61,43,53,46,47,2026-05-04
1796,360,64,49,53,62,64,2026-01-13
1797,360,70,62,51,56,56,2026-02-10
1798,360,63,50,63,40,73,2026-03-10
1799,360,50,58,51,63,72,2026-04-06
1800,360,58,36,76,45,68,2026-05-04
1801,361,64,70,54,66,56,2026-01-10
1802,361,74,52,43,62,54,2026-02-08
1803,361,57,53,43,47,70,2026-03-08
1804,361,66,58,58,68,53,2026-04-05
1805,361,33,43,25,59,62,2026-05-04
1806,362,56,55,39,41,75,2026-01-10
1807,362,56,56,31,43,45,2026-02-07
1808,362,39,63,47,42,57,2026-03-10
1809,362,49,35,35,51,48,2026-04-06
1810,362,34,41,68,50,51,2026-05-03
1811,363,81,54,58,75,47,2026-01-13
1812,363,72,71,76,47,42,2026-02-07
1813,363,61,76,68,65,88,2026-03-10
1814,363,78,85,65,67,68,2026-04-06
1815,363,55,54,42,83,64,2026-05-05
1816,364,52,48,50,58,39,2026-01-13
1817,364,54,59,56,35,75,2026-02-09
1818,364,59,50,42,61,36,2026-03-08
1819,364,46,63,43,59,55,2026-04-05
1820,364,47,47,52,55,46,2026-05-03
1821,365,55,27,44,59,60,2026-01-12
1822,365,45,57,49,76,50,2026-02-08
1823,365,44,70,49,64,60,2026-03-09
1824,365,59,58,48,64,51,2026-04-06
1825,365,31,64,48,49,51,2026-05-05
1826,366,39,63,48,65,92,2026-01-13
1827,366,55,61,68,86,39,2026-02-07
1828,366,74,85,64,48,86,2026-03-07
1829,366,78,70,73,72,74,2026-04-04
1830,366,78,57,83,54,76,2026-05-03
1831,367,42,42,54,57,82,2026-01-11
1832,367,61,42,52,57,30,2026-02-07
1833,367,39,59,60,52,37,2026-03-08
1834,367,51,64,51,72,37,2026-04-04
1835,367,83,49,52,58,56,2026-05-02
1836,368,57,70,27,67,73,2026-01-11
1837,368,50,77,69,60,50,2026-02-07
1838,368,52,57,52,63,77,2026-03-07
1839,368,49,38,59,62,50,2026-04-06
1840,368,67,61,71,72,58,2026-05-04
1841,369,73,69,54,54,69,2026-01-12
1842,369,40,49,33,52,40,2026-02-07
1843,369,67,49,64,66,42,2026-03-09
1844,369,57,37,53,61,51,2026-04-05
1845,369,57,65,36,49,44,2026-05-03
1846,370,59,53,66,36,68,2026-01-11
1847,370,79,66,67,57,84,2026-02-09
1848,370,55,58,43,71,81,2026-03-08
1849,370,51,69,44,82,33,2026-04-05
1850,370,76,72,26,87,45,2026-05-02
1851,371,61,45,62,42,67,2026-01-10
1852,371,48,49,46,67,76,2026-02-08
1853,371,66,48,51,48,54,2026-03-07
1854,371,46,70,43,75,71,2026-04-04
1855,371,69,65,58,49,57,2026-05-02
1856,372,83,68,77,51,56,2026-01-13
1857,372,73,62,63,46,72,2026-02-09
1858,372,49,47,64,61,52,2026-03-09
1859,372,70,44,80,64,45,2026-04-06
1860,372,79,61,64,47,59,2026-05-03
1861,373,55,58,65,87,73,2026-01-13
1862,373,71,61,63,51,100,2026-02-08
1863,373,87,58,78,79,80,2026-03-10
1864,373,61,85,82,85,63,2026-04-06
1865,373,71,72,82,73,67,2026-05-05
1866,374,84,47,55,67,70,2026-01-10
1867,374,60,38,56,75,52,2026-02-10
1868,374,48,63,56,45,63,2026-03-08
1869,374,62,61,71,49,31,2026-04-04
1870,374,59,77,66,55,61,2026-05-03
1871,375,62,67,76,83,71,2026-01-11
1872,375,60,87,71,94,48,2026-02-08
1873,375,71,55,75,61,82,2026-03-07
1874,375,63,58,52,28,53,2026-04-07
1875,375,54,56,50,45,73,2026-05-03
1876,376,52,38,59,36,57,2026-01-10
1877,376,37,53,69,68,73,2026-02-08
1878,376,55,49,67,40,58,2026-03-08
1879,376,91,49,66,90,44,2026-04-07
1880,376,65,71,68,52,69,2026-05-03
1881,377,56,68,80,65,90,2026-01-12
1882,377,52,92,85,53,69,2026-02-09
1883,377,76,55,64,64,67,2026-03-08
1884,377,62,60,58,53,71,2026-04-06
1885,377,87,61,61,64,67,2026-05-04
1886,378,66,68,77,62,55,2026-01-13
1887,378,67,74,62,65,96,2026-02-08
1888,378,67,73,49,83,88,2026-03-08
1889,378,46,71,59,56,61,2026-04-06
1890,378,97,69,89,75,60,2026-05-04
1891,379,60,80,48,46,52,2026-01-12
1892,379,81,68,69,48,39,2026-02-08
1893,379,72,94,61,72,59,2026-03-10
1894,379,71,62,47,52,51,2026-04-06
1895,379,82,65,43,79,69,2026-05-03
1896,380,59,73,79,60,77,2026-01-10
1897,380,50,83,77,60,60,2026-02-07
1898,380,44,79,66,64,72,2026-03-07
1899,380,64,55,79,78,68,2026-04-04
1900,380,80,57,57,72,59,2026-05-02
1901,381,53,55,39,76,58,2026-01-10
1902,381,59,36,52,54,55,2026-02-09
1903,381,33,46,40,79,75,2026-03-10
1904,381,45,60,55,56,42,2026-04-04
1905,381,56,45,39,51,51,2026-05-05
1906,382,68,68,52,62,53,2026-01-11
1907,382,73,60,81,62,80,2026-02-08
1908,382,65,80,70,61,57,2026-03-07
1909,382,63,32,72,69,68,2026-04-04
1910,382,62,58,53,60,78,2026-05-05
1911,383,34,53,53,56,50,2026-01-10
1912,383,68,56,45,66,69,2026-02-08
1913,383,43,56,50,44,55,2026-03-10
1914,383,55,50,49,61,53,2026-04-04
1915,383,42,55,63,56,54,2026-05-03
1916,384,60,74,72,83,82,2026-01-12
1917,384,72,60,72,84,57,2026-02-10
1918,384,79,68,61,61,74,2026-03-10
1919,384,61,75,67,71,81,2026-04-06
1920,384,87,69,66,55,52,2026-05-03
1921,385,46,65,53,52,57,2026-01-12
1922,385,77,47,43,62,43,2026-02-10
1923,385,72,40,61,63,58,2026-03-07
1924,385,65,58,59,43,59,2026-04-04
1925,385,71,59,66,51,55,2026-05-03
1926,386,34,35,46,79,53,2026-01-13
1927,386,50,51,51,52,65,2026-02-10
1928,386,58,68,48,54,65,2026-03-07
1929,386,58,70,59,56,61,2026-04-06
1930,386,46,51,51,45,75,2026-05-04
1931,387,76,64,44,65,54,2026-01-13
1932,387,58,74,53,49,78,2026-02-08
1933,387,38,58,62,58,53,2026-03-07
1934,387,39,51,82,53,64,2026-04-06
1935,387,68,62,65,43,55,2026-05-02
1936,388,58,51,41,27,57,2026-01-10
1937,388,36,48,58,50,58,2026-02-09
1938,388,40,55,64,50,31,2026-03-07
1939,388,47,38,41,51,50,2026-04-06
1940,388,49,49,26,40,54,2026-05-04
1941,389,57,50,64,63,55,2026-01-12
1942,389,41,38,30,38,41,2026-02-10
1943,389,52,47,55,61,63,2026-03-09
1944,389,51,31,25,58,56,2026-04-04
1945,389,57,51,25,31,45,2026-05-05
1946,390,70,59,59,87,64,2026-01-13
1947,390,86,51,42,62,72,2026-02-08
1948,390,57,54,74,76,79,2026-03-07
1949,390,71,65,65,82,66,2026-04-07
1950,390,53,52,58,78,61,2026-05-03
1951,391,45,36,65,76,64,2026-01-13
1952,391,62,61,49,36,51,2026-02-09
1953,391,80,37,50,42,53,2026-03-10
1954,391,47,63,64,56,67,2026-04-06
1955,391,52,58,38,51,59,2026-05-03
1956,392,52,66,58,45,70,2026-01-13
1957,392,49,67,65,80,56,2026-02-09
1958,392,65,56,42,57,81,2026-03-08
1959,392,55,48,35,77,57,2026-04-06
1960,392,65,84,74,75,89,2026-05-02
1961,393,48,40,58,84,55,2026-01-12
1962,393,50,69,72,69,60,2026-02-10
1963,393,70,65,58,56,75,2026-03-07
1964,393,62,77,52,70,55,2026-04-05
1965,393,48,51,64,72,53,2026-05-02
1966,394,49,30,39,54,40,2026-01-13
1967,394,45,59,37,42,63,2026-02-08
1968,394,33,38,31,37,72,2026-03-09
1969,394,46,56,47,51,59,2026-04-05
1970,394,66,50,38,58,68,2026-05-05
1971,395,45,55,61,75,72,2026-01-13
1972,395,74,72,34,66,47,2026-02-09
1973,395,62,75,53,63,63,2026-03-09
1974,395,57,26,45,78,60,2026-04-06
1975,395,73,57,43,58,56,2026-05-05
1976,396,25,55,30,67,59,2026-01-13
1977,396,62,56,39,55,35,2026-02-09
1978,396,42,40,46,47,61,2026-03-07
1979,396,41,70,48,49,38,2026-04-07
1980,396,62,47,53,52,43,2026-05-03
1981,397,65,51,42,91,61,2026-01-11
1982,397,81,60,36,72,67,2026-02-10
1983,397,57,51,76,49,58,2026-03-08
1984,397,57,62,59,61,61,2026-04-04
1985,397,53,51,80,52,61,2026-05-02
1986,398,61,51,56,58,66,2026-01-10
1987,398,36,66,52,67,57,2026-02-08
1988,398,63,51,28,74,44,2026-03-10
1989,398,62,44,38,34,67,2026-04-06
1990,398,44,36,37,56,71,2026-05-04
1991,399,44,41,67,70,67,2026-01-12
1992,399,39,53,70,86,64,2026-02-07
1993,399,58,64,62,68,69,2026-03-10
1994,399,40,60,38,60,44,2026-04-05
1995,399,61,53,51,75,59,2026-05-05
1996,400,54,46,43,45,51,2026-01-11
1997,400,42,26,62,61,72,2026-02-07
1998,400,25,40,35,54,44,2026-03-07
1999,400,46,36,25,50,55,2026-04-04
2000,400,50,38,27,67,35,2026-05-05
2001,401,63,80,50,70,67,2026-01-12
2002,401,52,43,67,72,88,2026-02-07
2003,401,74,65,93,87,70,2026-03-10
2004,401,82,74,83,54,82,2026-04-06
2005,401,49,76,72,88,97,2026-05-03
2006,402,70,62,68,47,68,2026-01-11
2007,402,89,59,70,71,88,2026-02-10
2008,402,74,60,67,65,69,2026-03-07
2009,402,61,55,83,50,67,2026-04-06
2010,402,90,82,69,58,77,2026-05-02
2011,403,49,52,79,45,67,2026-01-11
2012,403,62,58,76,67,62,2026-02-09
2013,403,83,54,67,69,53,2026-03-10
2014,403,98,59,65,64,65,2026-04-06
2015,403,64,61,72,60,74,2026-05-04
2016,404,48,53,75,42,75,2026-01-13
2017,404,46,75,59,47,44,2026-02-08
2018,404,67,64,55,87,67,2026-03-09
2019,404,79,63,58,63,50,2026-04-07
2020,404,52,44,47,49,52,2026-05-03
2021,405,70,68,73,63,47,2026-01-10
2022,405,60,63,67,49,58,2026-02-10
2023,405,35,50,71,66,61,2026-03-09
2024,405,48,48,70,57,62,2026-04-04
2025,405,49,68,61,96,82,2026-05-04
2026,406,58,47,58,75,60,2026-01-10
2027,406,55,45,25,49,44,2026-02-09
2028,406,62,25,69,54,45,2026-03-08
2029,406,54,30,60,52,60,2026-04-04
2030,406,46,64,49,25,35,2026-05-02
2031,407,76,79,78,69,51,2026-01-11
2032,407,68,59,66,87,48,2026-02-07
2033,407,48,46,74,81,65,2026-03-10
2034,407,58,69,50,50,83,2026-04-07
2035,407,54,65,57,57,64,2026-05-03
2036,408,77,67,49,85,65,2026-01-12
2037,408,65,86,87,66,71,2026-02-07
2038,408,70,73,62,63,70,2026-03-09
2039,408,54,63,66,67,55,2026-04-07
2040,408,85,66,67,61,75,2026-05-03
2041,409,66,59,62,72,58,2026-01-13
2042,409,58,54,71,67,56,2026-02-07
2043,409,62,55,65,72,68,2026-03-07
2044,409,79,49,60,70,50,2026-04-05
2045,409,77,60,74,54,77,2026-05-02
2046,410,50,40,62,53,62,2026-01-12
2047,410,32,37,46,59,52,2026-02-09
2048,410,54,77,42,67,73,2026-03-09
2049,410,41,58,55,56,78,2026-04-06
2050,410,55,65,42,68,44,2026-05-03
2051,411,42,55,37,54,71,2026-01-13
2052,411,54,69,56,69,60,2026-02-07
2053,411,33,42,50,34,57,2026-03-07
2054,411,60,30,46,58,46,2026-04-06
2055,411,44,55,34,53,43,2026-05-04
2056,412,52,52,59,84,52,2026-01-12
2057,412,69,55,45,84,78,2026-02-08
2058,412,63,73,65,74,79,2026-03-09
2059,412,84,51,53,50,68,2026-04-07
2060,412,72,66,73,66,100,2026-05-04
2061,413,37,54,64,75,71,2026-01-10
2062,413,49,83,60,63,55,2026-02-09
2063,413,73,61,61,34,61,2026-03-09
2064,413,46,48,63,57,87,2026-04-05
2065,413,57,47,62,60,28,2026-05-02
2066,414,40,39,63,44,61,2026-01-11
2067,414,60,54,49,38,38,2026-02-07
2068,414,55,38,45,52,76,2026-03-09
2069,414,51,41,60,30,53,2026-04-05
2070,414,61,67,53,56,51,2026-05-03
2071,415,43,47,51,62,51,2026-01-11
2072,415,46,64,49,63,57,2026-02-08
2073,415,34,57,57,29,68,2026-03-08
2074,415,47,51,44,65,41,2026-04-04
2075,415,25,50,66,47,70,2026-05-05
2076,416,34,76,52,66,67,2026-01-10
2077,416,76,68,77,45,45,2026-02-08
2078,416,53,46,74,83,62,2026-03-08
2079,416,62,56,60,73,68,2026-04-07
2080,416,42,51,74,57,59,2026-05-04
2081,417,34,74,63,69,78,2026-01-10
2082,417,58,67,62,66,72,2026-02-08
2083,417,63,68,64,67,80,2026-03-07
2084,417,53,76,63,78,78,2026-04-07
2085,417,60,53,53,46,70,2026-05-05
2086,418,53,37,48,42,48,2026-01-10
2087,418,47,67,58,37,41,2026-02-08
2088,418,36,68,49,25,64,2026-03-07
2089,418,45,50,46,40,47,2026-04-07
2090,418,50,33,36,51,58,2026-05-05
2091,419,40,37,60,42,56,2026-01-10
2092,419,64,32,57,61,69,2026-02-07
2093,419,31,42,39,32,37,2026-03-08
2094,419,53,41,74,52,30,2026-04-06
2095,419,46,35,53,42,33,2026-05-02
2096,420,85,54,85,51,74,2026-01-13
2097,420,78,72,69,60,86,2026-02-07
2098,420,58,72,62,65,69,2026-03-07
2099,420,70,89,44,76,76,2026-04-07
2100,420,69,61,48,56,59,2026-05-04
2101,421,67,76,52,82,75,2026-01-11
2102,421,61,61,70,52,30,2026-02-07
2103,421,74,62,64,52,48,2026-03-07
2104,421,48,58,59,25,71,2026-04-06
2105,421,69,53,57,71,71,2026-05-05
2106,422,72,48,82,38,47,2026-01-12
2107,422,68,32,40,62,70,2026-02-10
2108,422,62,74,57,66,48,2026-03-10
2109,422,48,45,38,61,77,2026-04-07
2110,422,64,56,54,63,67,2026-05-02
2111,423,70,73,63,59,70,2026-01-11
2112,423,66,38,51,55,75,2026-02-10
2113,423,45,76,59,69,72,2026-03-08
2114,423,82,74,62,64,84,2026-04-04
2115,423,76,81,61,79,67,2026-05-03
2116,424,66,74,56,38,58,2026-01-13
2117,424,54,70,56,34,64,2026-02-10
2118,424,65,46,50,59,73,2026-03-10
2119,424,74,52,73,57,64,2026-04-05
2120,424,72,75,85,65,69,2026-05-04
2121,425,45,59,60,59,52,2026-01-11
2122,425,57,60,61,57,50,2026-02-07
2123,425,70,67,47,42,59,2026-03-09
2124,425,66,58,50,65,67,2026-04-07
2125,425,77,66,56,33,94,2026-05-03
2126,426,64,58,57,41,76,2026-01-13
2127,426,73,59,54,69,61,2026-02-09
2128,426,59,46,77,49,54,2026-03-10
2129,426,51,53,68,79,73,2026-04-05
2130,426,72,66,46,55,56,2026-05-03
2131,427,57,48,69,59,46,2026-01-12
2132,427,75,62,50,48,51,2026-02-09
2133,427,36,48,45,73,62,2026-03-09
2134,427,84,65,70,49,52,2026-04-07
2135,427,50,54,42,59,59,2026-05-04
2136,428,77,61,58,58,66,2026-01-10
2137,428,48,50,49,60,73,2026-02-10
2138,428,75,51,75,53,76,2026-03-09
2139,428,69,52,78,54,62,2026-04-05
2140,428,56,61,53,66,75,2026-05-03
2141,429,54,57,60,70,89,2026-01-12
2142,429,72,78,81,59,65,2026-02-09
2143,429,77,65,77,88,54,2026-03-10
2144,429,77,74,67,63,60,2026-04-07
2145,429,54,83,78,82,68,2026-05-04
2146,430,69,65,63,51,46,2026-01-12
2147,430,47,46,47,50,61,2026-02-09
2148,430,41,49,53,55,83,2026-03-08
2149,430,55,81,44,69,58,2026-04-04
2150,430,60,64,70,42,46,2026-05-04
2151,431,75,67,78,62,76,2026-01-13
2152,431,62,58,79,88,77,2026-02-07
2153,431,84,89,64,71,82,2026-03-07
2154,431,48,45,69,79,73,2026-04-05
2155,431,53,84,96,59,62,2026-05-04
2156,432,74,87,53,66,61,2026-01-12
2157,432,59,63,56,53,54,2026-02-08
2158,432,39,78,73,61,62,2026-03-10
2159,432,74,68,69,47,62,2026-04-06
2160,432,61,90,59,62,67,2026-05-03
2161,433,75,48,75,59,59,2026-01-13
2162,433,67,56,75,53,82,2026-02-09
2163,433,46,65,78,69,91,2026-03-09
2164,433,68,70,71,64,59,2026-04-05
2165,433,51,75,58,79,77,2026-05-02
2166,434,84,71,66,67,49,2026-01-10
2167,434,55,72,36,75,51,2026-02-07
2168,434,65,52,59,66,59,2026-03-10
2169,434,48,61,50,45,72,2026-04-04
2170,434,65,71,49,63,65,2026-05-02
2171,435,58,83,63,53,63,2026-01-12
2172,435,65,84,79,54,78,2026-02-10
2173,435,74,77,75,65,43,2026-03-07
2174,435,28,88,67,53,66,2026-04-06
2175,435,64,67,59,68,48,2026-05-03
2176,436,39,39,54,60,48,2026-01-10
2177,436,64,46,57,48,33,2026-02-07
2178,436,46,25,39,38,61,2026-03-08
2179,436,48,41,47,72,40,2026-04-07
2180,436,53,56,45,59,56,2026-05-02
2181,437,79,67,76,45,53,2026-01-10
2182,437,71,52,58,76,75,2026-02-09
2183,437,80,44,64,68,68,2026-03-09
2184,437,60,63,81,64,70,2026-04-07
2185,437,78,69,81,57,77,2026-05-02
2186,438,62,50,52,62,47,2026-01-13
2187,438,63,56,54,96,73,2026-02-08
2188,438,72,79,82,52,96,2026-03-07
2189,438,73,81,54,82,56,2026-04-04
2190,438,69,56,70,65,66,2026-05-04
2191,439,64,50,77,80,59,2026-01-12
2192,439,46,64,56,64,86,2026-02-09
2193,439,51,53,34,83,69,2026-03-10
2194,439,75,58,56,66,51,2026-04-06
2195,439,79,67,78,72,77,2026-05-02
2196,440,62,65,52,92,67,2026-01-12
2197,440,35,74,43,51,57,2026-02-07
2198,440,57,64,52,86,66,2026-03-07
2199,440,58,47,53,86,75,2026-04-07
2200,440,40,77,79,42,52,2026-05-05
2201,441,48,53,74,68,60,2026-01-12
2202,441,38,49,65,79,50,2026-02-09
2203,441,43,42,44,35,41,2026-03-08
2204,441,68,58,48,63,51,2026-04-05
2205,441,54,48,47,47,54,2026-05-03
2206,442,49,73,25,63,44,2026-01-12
2207,442,49,55,31,46,54,2026-02-10
2208,442,54,47,47,48,53,2026-03-07
2209,442,44,65,60,48,54,2026-04-07
2210,442,56,64,44,31,56,2026-05-05
2211,443,54,45,75,59,58,2026-01-11
2212,443,77,51,50,63,62,2026-02-07
2213,443,63,51,64,55,71,2026-03-07
2214,443,28,57,63,79,84,2026-04-04
2215,443,71,49,53,62,77,2026-05-04
2216,444,79,80,66,90,65,2026-01-10
2217,444,88,70,75,77,71,2026-02-08
2218,444,54,61,67,73,79,2026-03-10
2219,444,61,69,76,56,84,2026-04-07
2220,444,85,73,70,81,63,2026-05-02
2221,445,75,87,54,61,78,2026-01-13
2222,445,63,61,78,72,53,2026-02-10
2223,445,83,74,73,75,60,2026-03-07
2224,445,81,62,46,68,66,2026-04-04
2225,445,68,73,82,72,63,2026-05-05
2226,446,60,54,67,77,67,2026-01-13
2227,446,49,46,60,38,84,2026-02-09
2228,446,55,37,46,56,48,2026-03-09
2229,446,46,59,77,61,70,2026-04-04
2230,446,56,62,66,57,52,2026-05-05
2231,447,65,50,42,34,25,2026-01-10
2232,447,25,55,71,60,59,2026-02-08
2233,447,52,61,49,41,55,2026-03-08
2234,447,58,60,32,32,53,2026-04-04
2235,447,28,48,46,57,44,2026-05-05
2236,448,69,54,51,59,34,2026-01-10
2237,448,51,54,65,52,51,2026-02-10
2238,448,54,41,34,63,54,2026-03-08
2239,448,55,48,50,51,59,2026-04-04
2240,448,66,37,49,52,57,2026-05-05
2241,449,67,56,58,69,61,2026-01-12
2242,449,84,70,65,57,68,2026-02-09
2243,449,69,55,47,64,39,2026-03-08
2244,449,34,73,74,66,68,2026-04-07
2245,449,73,58,73,58,55,2026-05-03
2246,450,60,55,56,56,51,2026-01-12
2247,450,51,40,27,58,58,2026-02-09
2248,450,55,46,46,45,87,2026-03-07
2249,450,63,55,50,43,63,2026-04-04
2250,450,47,65,53,40,54,2026-05-04
2251,451,80,53,45,40,74,2026-01-11
2252,451,55,62,64,73,52,2026-02-09
2253,451,40,27,52,53,86,2026-03-07
2254,451,66,40,60,44,39,2026-04-05
2255,451,54,77,51,44,40,2026-05-02
2256,452,63,65,83,57,42,2026-01-13
2257,452,76,55,38,57,62,2026-02-09
2258,452,64,66,77,57,83,2026-03-07
2259,452,87,85,43,55,48,2026-04-06
2260,452,77,57,75,60,63,2026-05-04
2261,453,57,65,27,56,43,2026-01-12
2262,453,52,25,69,36,61,2026-02-08
2263,453,25,49,60,47,43,2026-03-09
2264,453,53,43,50,57,66,2026-04-05
2265,453,45,34,44,59,60,2026-05-03
2266,454,65,100,91,70,78,2026-01-10
2267,454,75,63,65,88,80,2026-02-09
2268,454,71,60,90,51,64,2026-03-10
2269,454,59,32,78,77,84,2026-04-06
2270,454,76,50,62,69,66,2026-05-04
2271,455,44,63,59,79,71,2026-01-10
2272,455,65,54,50,64,81,2026-02-08
2273,455,72,61,61,66,64,2026-03-08
2274,455,56,69,47,66,76,2026-04-07
2275,455,59,82,41,63,52,2026-05-03
2276,456,65,73,84,57,70,2026-01-11
2277,456,89,79,54,47,88,2026-02-07
2278,456,62,72,91,62,68,2026-03-08
2279,456,54,87,60,52,71,2026-04-05
2280,456,62,78,65,81,80,2026-05-05
2281,457,67,61,50,65,50,2026-01-10
2282,457,76,48,51,67,58,2026-02-09
2283,457,51,39,60,62,65,2026-03-08
2284,457,54,55,53,43,76,2026-04-07
2285,457,82,41,51,51,54,2026-05-02
2286,458,60,30,53,31,65,2026-01-13
2287,458,42,51,76,72,38,2026-02-10
2288,458,40,61,62,61,53,2026-03-08
2289,458,55,62,58,72,71,2026-04-04
2290,458,60,65,55,52,71,2026-05-05
2291,459,40,55,55,25,59,2026-01-10
2292,459,48,63,33,69,57,2026-02-09
2293,459,34,62,71,59,66,2026-03-07
2294,459,48,53,51,62,54,2026-04-05
2295,459,74,56,49,59,64,2026-05-03
2296,460,48,58,49,43,47,2026-01-10
2297,460,62,52,62,67,53,2026-02-07
2298,460,53,68,39,40,40,2026-03-08
2299,460,42,74,47,72,38,2026-04-05
2300,460,60,43,57,53,45,2026-05-04
2301,461,90,36,94,48,72,2026-01-12
2302,461,43,43,57,64,58,2026-02-10
2303,461,58,78,57,84,76,2026-03-07
2304,461,70,61,82,58,66,2026-04-04
2305,461,64,75,63,70,73,2026-05-04
2306,462,62,77,74,64,39,2026-01-10
2307,462,46,35,36,40,47,2026-02-09
2308,462,71,70,58,48,32,2026-03-07
2309,462,67,73,33,85,79,2026-04-04
2310,462,60,58,43,73,42,2026-05-04
2311,463,62,51,37,55,27,2026-01-12
2312,463,39,69,37,48,56,2026-02-07
2313,463,30,45,28,35,71,2026-03-10
2314,463,37,40,51,47,64,2026-04-07
2315,463,47,48,25,60,66,2026-05-04
2316,464,64,78,63,80,56,2026-01-13
2317,464,76,50,67,53,68,2026-02-07
2318,464,45,74,65,60,50,2026-03-10
2319,464,81,67,78,68,61,2026-04-04
2320,464,73,65,71,75,47,2026-05-03
2321,465,54,72,61,61,54,2026-01-13
2322,465,56,71,47,64,60,2026-02-07
2323,465,46,82,55,70,46,2026-03-10
2324,465,64,69,58,67,66,2026-04-06
2325,465,38,46,36,81,68,2026-05-05
2326,466,67,44,49,55,52,2026-01-12
2327,466,53,29,47,25,70,2026-02-10
2328,466,44,71,44,73,77,2026-03-09
2329,466,62,63,44,49,49,2026-04-05
2330,466,57,48,47,57,63,2026-05-04
2331,467,78,96,77,76,67,2026-01-12
2332,467,58,77,89,80,82,2026-02-07
2333,467,77,86,65,82,76,2026-03-08
2334,467,43,71,83,100,52,2026-04-06
2335,467,82,85,79,73,63,2026-05-04
2336,468,75,57,56,57,46,2026-01-13
2337,468,68,78,57,82,53,2026-02-10
2338,468,64,72,56,52,59,2026-03-07
2339,468,64,73,59,57,69,2026-04-05
2340,468,67,56,58,85,76,2026-05-03
2341,469,44,61,65,42,51,2026-01-11
2342,469,54,55,60,54,61,2026-02-07
2343,469,39,53,46,66,55,2026-03-10
2344,469,40,50,62,67,58,2026-04-06
2345,469,36,49,45,66,38,2026-05-05
2346,470,55,80,86,59,52,2026-01-12
2347,470,68,63,50,92,63,2026-02-10
2348,470,52,62,47,68,44,2026-03-07
2349,470,38,58,68,63,78,2026-04-05
2350,470,88,81,61,68,79,2026-05-03
2351,471,70,84,43,80,58,2026-01-12
2352,471,61,75,56,79,86,2026-02-07
2353,471,65,68,79,58,66,2026-03-08
2354,471,45,64,48,49,58,2026-04-05
2355,471,56,66,67,84,76,2026-05-03
2356,472,86,80,69,62,63,2026-01-10
2357,472,78,72,68,58,76,2026-02-08
2358,472,60,60,67,57,100,2026-03-07
2359,472,81,69,33,71,96,2026-04-04
2360,472,86,48,54,92,74,2026-05-03
2361,473,62,57,69,61,81,2026-01-11
2362,473,68,65,52,55,81,2026-02-09
2363,473,63,82,39,80,68,2026-03-10
2364,473,58,96,54,70,61,2026-04-04
2365,473,76,63,83,53,63,2026-05-05
2366,474,63,68,69,69,61,2026-01-11
2367,474,78,64,66,76,76,2026-02-07
2368,474,76,77,64,61,68,2026-03-10
2369,474,65,91,83,92,82,2026-04-05
2370,474,70,71,56,68,73,2026-05-04
2371,475,73,51,44,68,66,2026-01-10
2372,475,51,56,57,64,75,2026-02-08
2373,475,71,56,71,61,58,2026-03-10
2374,475,63,68,64,62,64,2026-04-04
2375,475,60,71,59,70,44,2026-05-04
2376,476,57,69,62,49,87,2026-01-11
2377,476,71,70,56,50,91,2026-02-10
2378,476,57,75,56,55,63,2026-03-08
2379,476,54,80,57,73,66,2026-04-04
2380,476,53,81,72,52,62,2026-05-03
2381,477,84,52,66,47,74,2026-01-13
2382,477,78,89,66,86,69,2026-02-07
2383,477,73,65,73,43,66,2026-03-10
2384,477,85,72,85,88,71,2026-04-06
2385,477,63,47,70,53,65,2026-05-05
2386,478,74,69,27,61,54,2026-01-12
2387,478,61,56,42,46,41,2026-02-08
2388,478,60,54,73,34,53,2026-03-09
2389,478,44,38,51,61,68,2026-04-06
2390,478,69,53,55,67,39,2026-05-04
2391,479,44,29,47,63,63,2026-01-12
2392,479,66,51,32,65,61,2026-02-08
2393,479,43,68,54,49,69,2026-03-10
2394,479,45,73,52,72,61,2026-04-04
2395,479,60,58,60,53,99,2026-05-05
2396,480,58,66,77,79,97,2026-01-11
2397,480,72,100,48,67,90,2026-02-09
2398,480,69,72,77,85,87,2026-03-07
2399,480,95,68,58,67,74,2026-04-04
2400,480,73,61,67,84,82,2026-05-05
2401,481,63,58,67,43,78,2026-01-10
2402,481,70,66,51,70,74,2026-02-07
2403,481,47,64,61,51,56,2026-03-08
2404,481,56,67,53,51,71,2026-04-07
2405,481,70,67,53,62,58,2026-05-02
2406,482,85,60,70,72,98,2026-01-11
2407,482,84,96,68,83,76,2026-02-09
2408,482,50,61,80,63,67,2026-03-07
2409,482,79,81,50,69,67,2026-04-07
2410,482,61,64,61,66,76,2026-05-03
2411,483,69,39,51,55,50,2026-01-11
2412,483,38,44,58,63,52,2026-02-08
2413,483,47,72,57,49,43,2026-03-08
2414,483,37,36,56,38,66,2026-04-05
2415,483,35,54,47,28,69,2026-05-02
2416,484,64,53,79,65,49,2026-01-10
2417,484,62,52,63,63,58,2026-02-09
2418,484,83,57,62,67,68,2026-03-10
2419,484,65,82,81,51,78,2026-04-05
2420,484,70,73,41,60,83,2026-05-04
2421,485,57,79,68,76,73,2026-01-13
2422,485,72,68,81,78,64,2026-02-09
2423,485,61,86,69,90,66,2026-03-07
2424,485,67,72,86,62,83,2026-04-06
2425,485,55,73,85,76,61,2026-05-03
2426,486,38,58,68,53,42,2026-01-11
2427,486,60,69,40,56,57,2026-02-08
2428,486,49,40,49,31,71,2026-03-07
2429,486,72,51,44,77,48,2026-04-07
2430,486,41,36,48,39,50,2026-05-04
2431,487,68,64,50,45,77,2026-01-12
2432,487,49,61,30,39,60,2026-02-08
2433,487,38,88,33,65,47,2026-03-10
2434,487,65,55,59,42,62,2026-04-05
2435,487,64,62,76,66,46,2026-05-02
2436,488,78,59,90,53,66,2026-01-11
2437,488,74,52,68,53,63,2026-02-07
2438,488,68,61,54,65,72,2026-03-09
2439,488,56,69,56,69,91,2026-04-07
2440,488,75,56,66,49,47,2026-05-05
2441,489,43,65,33,72,79,2026-01-12
2442,489,53,47,48,61,66,2026-02-09
2443,489,53,61,65,62,78,2026-03-07
2444,489,59,52,62,57,44,2026-04-04
2445,489,49,52,54,50,50,2026-05-03
2446,490,56,90,45,33,64,2026-01-11
2447,490,68,73,65,68,66,2026-02-10
2448,490,57,78,55,72,61,2026-03-09
2449,490,71,76,52,65,72,2026-04-06
2450,490,42,73,60,47,68,2026-05-02
2451,491,41,43,55,50,62,2026-01-10
2452,491,35,48,60,29,34,2026-02-08
2453,491,50,69,31,40,61,2026-03-10
2454,491,37,60,45,52,51,2026-04-04
2455,491,56,47,67,36,50,2026-05-03
2456,492,89,55,46,85,71,2026-01-10
2457,492,57,60,59,64,93,2026-02-09
2458,492,69,51,71,79,57,2026-03-10
2459,492,86,87,72,74,57,2026-04-07
2460,492,57,58,73,46,70,2026-05-05
2461,493,68,60,81,87,48,2026-01-12
2462,493,64,56,57,47,55,2026-02-10
2463,493,56,49,39,67,80,2026-03-07
2464,493,78,55,58,43,80,2026-04-07
2465,493,68,81,59,75,67,2026-05-04
2466,494,53,55,32,26,53,2026-01-12
2467,494,61,36,52,47,30,2026-02-09
2468,494,31,48,36,50,75,2026-03-08
2469,494,46,53,42,27,69,2026-04-06
2470,494,31,44,26,46,59,2026-05-04
2471,495,80,89,84,68,70,2026-01-13
2472,495,61,56,77,74,96,2026-02-08
2473,495,79,69,79,84,92,2026-03-07
2474,495,71,64,81,83,67,2026-04-07
2475,495,72,33,65,90,79,2026-05-03
2476,496,63,31,81,45,71,2026-01-11
2477,496,64,50,44,64,37,2026-02-08
2478,496,50,47,32,50,53,2026-03-10
2479,496,73,61,38,45,60,2026-04-06
2480,496,32,47,48,50,85,2026-05-05
2481,497,56,52,70,77,53,2026-01-10
2482,497,68,75,68,63,45,2026-02-09
2483,497,67,37,37,46,74,2026-03-08
2484,497,69,52,75,59,47,2026-04-05
2485,497,54,39,55,57,47,2026-05-05
2486,498,70,36,71,48,59,2026-01-12
2487,498,63,62,58,66,56,2026-02-08
2488,498,67,64,72,41,70,2026-03-07
2489,498,47,62,81,35,82,2026-04-06
2490,498,62,76,87,62,60,2026-05-05
2491,499,59,43,26,58,35,2026-01-10
2492,499,58,64,29,38,42,2026-02-08
2493,499,47,40,48,57,53,2026-03-10
2494,499,79,58,44,60,63,2026-04-05
2495,499,78,66,58,53,52,2026-05-05
2496,500,71,69,46,64,63,2026-01-10
2497,500,50,63,64,67,55,2026-02-10
2498,500,72,80,89,82,89,2026-03-07
2499,500,60,74,68,78,30,2026-04-07
2500,500,78,77,28,66,56,2026-05-02
